mlbID,Name,Position,key_bbref
682928,CJ Abrams,SS,abramcj01
547989,José Abreu,1B,abreujo02
677800,Wilyer Abreu,RF,abreuwi02
691185,Maximo Acosta,SS,acostma02
682668,Luisangel Acuña,2B,acunajo01
660670,Ronald Acuña Jr.,RF,acunaro01
642715,Willy Adames,SS,adamewi01
677941,Jordyn Adams,CF,adamsjo03
571431,Matt Adams,1B,adamsma01
656180,Riley Adams,C,adamsri03
666176,Jo Adell,CF,adelljo01
501303,Ehire Adrianza,SS,adriaeh01
542583,Jesús Aguilar,1B,aguilje01
666922,Ryan Aguilar,RF,aguilry01
605113,Nick Ahmed,SS,ahmedni01
673451,Shogo Akiyama,CF,akiyash01
593643,Hanser Alberto,3B,alberha01
645277,Ozzie Albies,2B,albieoz01
682634,Kevin Alcántara,RF,alcanke01
642727,Sergio Alcántara,SS,alcanse01
677942,Blaze Alexander,SS,alexabl01
680769,CJ Alexander,1B,alexacj01
595751,Jorge Alfaro,C,alfarjo01
546990,Anthony Alford,LF,alforan01
664119,Austin Allen,C,allenau01
656185,Greg Allen,CF,allengr01
669397,Nick Allen,SS,allenni02
501659,Abraham Almonte,OF,almonab01
546991,Albert Almora Jr.,OF,almoral01
624413,Pete Alonso,1B,alonspe01
514888,Jose Altuve,LF,altuvjo01
666906,Jake Alu,3B,aluja01
669137,Armando Alvarez,3B,alvarar01
657193,Eddy Alvarez,2B,alvared01
682626,Francisco Alvarez,C,alvarfr01
805373,Nacho Alvarez Jr.,SS,alvarna01
670541,Yordan Alvarez,LF,alvaryo01
691182,Adael Amador,2B,amadoad01
676070,Jacob Amaya,SS,amayaja01
665804,Miguel Amaya,C,amayami01
664011,Trey Amburgey,LF,amburtr01
605119,Brian Anderson,RF,anderbr06
641313,Tim Anderson,SS,anderti01
607430,John Andreoli,RF,andrejo03
462101,Elvis Andrus,SS,andruel01
609280,Miguel Andujar,LF,andujmi01
701350,Roman Anthony,RF,anthoro01
606157,Aristides Aquino,RF,aquinar01
666018,Jonathan Aranda,1B,arandjo01
660620,Jonathan Araúz,2B,arauzjo01
606115,Orlando Arcia,SS,arciaor01
571448,Nolan Arenado,3B,arenano01
672356,Gabriel Arias,SS,ariasga01
668227,Randy Arozarena,LF,arozara01
650333,Luis Arraez,1B,arraelu01
624414,Christian Arroyo,2B,arroych01
600858,Humberto Arteaga,SS,arteahu01
553902,Willians Astudillo,3B,astudwi01
682183,Drew Avans,LF,avansdr01
488671,Alex Avila,C,avilaal01
640492,José Azocar,LF,azocajo01
668731,Akil Baddoo,LF,baddoak01
664056,Harrison Bader,LF,baderha01
678225,Ji Hwan Bae,CF,baeji01
595879,Javier Báez,CF,baezja01
672275,Patrick Bailey,C,bailepa01
671117,Darren Baker,2B,bakerda02
663609,Luken Baker,1B,bakerlu01
681460,Brooks Baldwin,LF,baldwbr01
686948,Drake Baldwin,C,baldwdr01
694208,Moisés Ballesteros,C,ballemo01
677943,Will Banfield,C,banfiwi01
676625,Rylan Bannon,3B,bannory01
675915,David Bañuelos,C,banueda01
680718,Addison Barger,3B,bargead01
605131,Austin Barnes,C,barneau01
571466,Tucker Barnhart,C,barnhtu01
642456,Luis Barrera,OF,barrelu01
668663,Tres Barrera,C,barretr01
678489,Jorge Barrosa,LF,barrojo01
663698,Joey Bart,C,bartjo01
678545,Osleivis Basabe,SS,basabos01
694212,Samuel Basallo,C,basalsa01
676946,Matthew Batten,2B,battema01
683146,Brett Baty,3B,batybr01
641343,Jake Bauers,LF,bauerja01
607461,Matt Beaty,DH,beatyma01
687637,Dylan Beavers,RF,beavedy01
542921,Tim Beckham,SS,beckhti01
687597,Jordan Beck,LF,beckjo01
666179,Seth Beer,1B,beerse01
641355,Cody Bellinger,LF,bellico01
605137,Josh Bell,1B,belljo02
474832,Brandon Belt,1B,beltbr01
621532,Anthony Bemboom,C,bemboan01
643217,Andrew Benintendi,LF,beninan01
666181,Will Benson,LF,bensowi01
682653,Warming Bernabel,3B,bernawa01
592144,Wynton Bernard,CF,bernawy01
672642,Steward Berroa,RF,berrost01
542932,Jon Berti,3B,bertijo01
542194,Christian Bethancourt,C,bethach01
605141,Mookie Betts,SS,bettsmo01
666182,Bo Bichette,SS,bichebo01
624415,Cavan Biggio,1B,biggica01
623323,Braden Bishop,CF,bishobr01
453568,Charlie Blackmon,CF,blackch02
672012,Tyler Black,3B,blackty01
680118,Dairon Blanco,CF,blancda02
663905,Travis Blankenhorn,RF,blanktr01
668709,JJ Bleday,CF,bledajj01
669208,Ryan Bliss,2B,blissry01
593428,Xander Bogaerts,SS,bogaexa01
664761,Alec Bohm,3B,bohmal01
621450,Skye Bolt,CF,boltsk01
593528,Jorge Bonifacio,RF,bonifjo01
623520,David Bote,3B,boteda01
656248,Sean Bouchard,RF,bouchse01
656252,Bobby Bradley,1B,bradlbo01
598265,Jackie Bradley Jr.,CF,bradlja02
488726,Michael Brantley,DH,brantmi02
542963,Rob Brantly,C,brantro01
608324,Alex Bregman,3B,bregmal01
686823,Will Brennan,RF,brennwi02
681146,Jonah Bride,3B,bridejo01
621446,Lewis Brinson,CF,brinsle01
670092,Trenton Brooks,LF,brooktr01
670712,Mike Brosseau,3B,brossmi01
664913,Seth Brown,LF,brownse01
457803,Jay Bruce,RF,bruceja01
660644,Vidal Bruján,3B,brujavi01
592178,Kris Bryant,DH,bryankr01
680814,Peyton Burdick,CF,burdipe01
669394,Jake Burger,1B,burgeja01
676475,Alec Burleson,1B,burleal01
542992,Andy Burns,3B,burnsan01
683737,Michael Busch,1B,buschmi02
460077,Drew Butera,C,buterdr01
671732,Lawrence Butler,RF,butlela01
621439,Byron Buxton,CF,buxtoby01
676609,José Caballero,SS,cabaljo01
663550,Trey Cabbage,RF,cabbatr01
452678,Asdrúbal Cabrera,SS,cabreas01
408234,Miguel Cabrera,1B,cabremi01
665828,Oswaldo Cabrera,3B,cabreos01
695506,Jac Caglianone,RF,caglija01
456715,Lorenzo Cain,CF,cainlo01
683357,Owen Caissie,RF,caissow01
594777,Kole Calhoun,RF,calhoko01
641432,Willie Calhoun,1B,calhowi01
669743,Alex Call,RF,callal02
682997,Tyler Callihan,LF,callity01
665856,Jair Camargo,C,camarja01
622666,Johan Camargo,3B,camarjo01
663662,Daz Cameron,RF,camerda01
691406,Junior Caminero,3B,caminju01
493472,Eric Campbell,3B,campber01
692225,Kristian Campbell,2B,campbkr01
672569,Gustavo Campero,RF,campegu01
669134,Luis Campusano,C,campulu01
672744,Alexander Canario,LF,canaral01
600869,Jeimer Candelario,3B,candeje01
592192,Mark Canha,LF,canhama01
429664,Robinson Canó,2B,canoro01
686527,Dominic Canzone,RF,canzodo01
668843,Conner Capel,LF,capelco01
681962,Vinny Capra,3B,capravi01
605170,Victor Caratini,C,caratvi01
666185,Dylan Carlson,LF,carlsdy01
681481,Kerry Carpenter,RF,carpeke01
572761,Matt Carpenter,DH,carpema01
682998,Corbin Carroll,RF,carroco02
694497,Evan Carter,CF,carteev01
592200,Curt Casali,C,casalcu01
671213,Triston Casas,1B,casastr01
592206,Nick Castellanos,RF,casteni01
660636,Diego Castillo,SS,castidi02
602080,Erick Castillo,C,castier01
622668,Ivan Castillo,2B,castiiv01
605612,Harold Castro,2B,castrha01
488771,Jason Castro,C,castrja01
666801,Rodolfo Castro,SS,castrro01
516770,Starlin Castro,SS,castrst01
650489,Willi Castro,LF,castrwi01
595909,Jake Cave,RF,caveja01
665482,Gilberto Celestino,CF,celesgi01
644374,Yu Chang,2B,changyu01
665953,Andrés Chaparro,1B,chapaan01
656305,Matt Chapman,3B,chapmma01
656308,Michael Chavis,2B,chavimi01
691907,Tsung-Che Cheng,SS,chengts01
455139,Robinson Chirinos,C,chiriro01
665862,Jazz Chisholm Jr.,2B,chishja01
596847,Ji Man Choi,1B,choiji01
694192,Jackson Chourio,CF,chourja01
701675,Nathan Church,LF,churcna01
624419,Nick Ciuffo,C,ciuffni01
672016,Denzel Clarke,CF,clarkde02
682729,Jonatan Clase,LF,clasejo01
676391,Ernie Clement,3B,clemeer01
665019,Kody Clemens,2B,clemeko01
693049,Oscar Colás,RF,colasos01
686555,Isaac Collins,LF,colliis01
641470,Zack Collins,C,colliza01
624424,Michael Conforto,LF,confomi01
665052,Griffin Conine,LF,coningr01
676628,Mark Contreras,LF,contrma01
575929,Willson Contreras,1B,contrwi01
661388,William Contreras,C,contrwi02
695257,Billy Cook,CF,cookbi01
643265,Garrett Cooper,1B,coopega03
614173,Franchy Cordero,OF,cordefr02
685744,Kenedy Corona,CF,coronke01
621043,Carlos Correa,SS,correca01
666126,Carlos Cortes,LF,corteca01
681297,Colton Cowser,LF,cowseco01
643269,Will Craig,3B,craigwi01
543063,Brandon Crawford,SS,crawfbr01
641487,J.P. Crawford,SS,crawfjp01
686611,Dylan Crews,RF,crewsdy01
688760,Blaine Crim,1B,crimbl01
543068,C.J. Cron,1B,croncj01
630105,Jake Cronenworth,2B,croneja01
699625,Jimmy Crooks,C,crookji01
643271,Narciso Crook,OF,crookna01
680418,Tyler Cropley,C,croplty01
691718,Pete Crow-Armstrong,CF,crowape01
443558,Nelson Cruz,DH,cruzne02
665833,Oneil Cruz,CF,cruzon01
518586,Charlie Culberson,3B,culbech01
621311,David Dahl,LF,dahlda01
666915,Bobby Dalbec,1B,dalbebo01
518595,Travis d'Arnaud,C,darnatr01
669722,Logan Davidson,1B,davidlo01
571602,Matt Davidson,DH,davidma02
663478,Brendon Davis,3B,davisbr04
680779,Henry Davis,C,davishe01
664041,Jaylin Davis,RF,davisja03
605204,J.D. Davis,3B,davisjd01
641505,Jonathan Davis,CF,davisjo05
501981,Khris Davis,LF,daviskh01
543089,Taylor Davis,C,davista01
669008,Ronnie Dawson,DH,dawsoro01
602074,Yonathan Daza,CF,dazayo01
621573,Austin Dean,LF,deanau01
681909,Justin Dean,CF,deanju01
621008,Alex De Goti,SS,degotal01
656364,Greg Deichmann,OF,deichgr01
657557,Paul DeJong,3B,dejonpa01
650559,Bryan De La Cruz,LF,delacbr01
682829,Elly De La Cruz,SS,delacel01
641511,Jason Delay,C,delayja01
680728,Adrian Del Castillo,C,delcaad01
676113,Zach DeLoach,RF,deloaza01
665782,Luis De Los Santos,3B,deloslu03
676356,Jonny DeLuca,CF,delucjo01
641512,Ben DeLuzio,CF,deluzbe01
641513,Travis Demeritte,RF,demertr01
592261,Delino DeShields,CF,deshide02
687478,Cam Devanney,SS,devanca01
672701,José Devers,SS,deverjo01
646240,Rafael Devers,DH,deverra01
701305,Zach Dezenzo,LF,dezenza01
649557,Aledmys Díaz,SS,diazal02
553869,Elias Díaz,C,diazel01
656371,Isan Díaz,2B,diazis01
672478,Jordan Diaz,2B,diazjo03
650331,Lewin Díaz,1B,diazle01
650490,Yandy Díaz,1B,diazya01
673237,Yainer Diaz,C,diazya02
666783,Yusniel Díaz,RF,diazyu01
543105,Alex Dickerson,LF,dickeal01
572816,Corey Dickerson,LF,dickeco01
594694,Wilmer Difo,SS,difowi01
693307,Dillon Dingler,C,dingldi01
641525,Brandon Dixon,3B,dixonbr01
691176,Jasson Domínguez,LF,dominja01
518626,Josh Donaldson,3B,donaljo02
680977,Brendan Donovan,2B,donovbr01
676900,Ryan Dorow,SS,dorowry01
669023,Jeter Downs,2B,downsje01
686668,Brenton Doyle,CF,doylebr02
641531,Hunter Dozier,3B,doziehu01
686482,Logan Driscoll,C,drisclo01
592273,Brandon Drury,3B,drurybr01
643289,Mauricio Dubón,2B,dubonma01
622110,Matt Duffy,3B,duffyma01
621453,Steven Duggar,CF,duggast01
656388,Joe Dunand,1B,dunanjo01
694362,Blake Dunn,RF,dunnbl01
686554,Oliver Dunn,3B,dunnol01
677649,Ezequiel Duran,SS,duranez01
680776,Jarren Duran,LF,duranja01
702332,Caleb Durbin,3B,durbica01
594807,Adam Duvall,LF,duvalad01
502481,Jarrod Dyson,CF,dysonja01
594809,Adam Eaton,CF,eatonad02
681987,Nate Eaton,3B,eatonna01
686490,Cam Eden,CF,edenca01
669242,Tommy Edman,2B,edmanto01
669364,Xavier Edwards,SS,edwarxa01
671284,Tim Elko,1B,elkoti01
656403,Drew Ellis,3B,ellisdr01
668752,Duke Ellis,CF,ellisdu01
687952,Christian Encarnacion-Strand,1B,encarch01
666464,Jerar Encarnacion,RF,encarje01
641553,Adam Engel,CF,engelad01
663536,Tristin English,OF,englitr01
641555,J.C. Escarra,C,escarjc01
444876,Alcides Escobar,SS,escobal02
500871,Eduardo Escobar,3B,escobed01
669289,Santiago Espinal,3B,espinsa01
642731,Thairo Estrada,2B,estrath01
595943,Phillip Evans,3B,evansph01
660758,Sandro Fabian,OF,fabiasa01
656413,Stuart Fairchild,RF,faircst01
641561,Johneshwy Fargas,CF,fargajo01
571657,Kyle Farmer,2B,farmeky01
676439,Hunter Feduccia,C,feduchu01
666128,Mario Feliciano,C,felicma01
666023,Freddy Fermin,C,fermifr01
665877,José Fermín,2B,fermijo01
692585,Yanquiel Fernández,RF,fernaya01
605233,Derek Fisher,LF,fishede01
680837,Ryan Fitzgerald,3B,fitzgry01
666149,Tyler Fitzgerald,2B,fitzgty01
664058,David Fletcher,2B,fletcda02
666150,Dominic Fletcher,RF,fletcdo01
527038,Wilmer Flores,1B,florewi01
664314,Estevan Florial,LF,flories01
695670,Harry Ford,C,fordha01
645801,Mike Ford,1B,fordmi01
663743,Nick Fortes,C,forteni01
679822,Justin Foscue,1B,foscuju01
451594,Dexter Fowler,CF,fowlede01
641583,Dustin Fowler,CF,fowledu01
665650,Lucius Fox,SS,foxlu01
641584,Jake Fraley,RF,fraleja01
596748,Maikel Franco,3B,francma02
664034,Ty France,1B,francty01
677551,Wander Franco,SS,francwa01
624428,Adam Frazier,2B,fraziad01
640449,Clint Frazier,RF,frazicl01
453943,Todd Frazier,3B,frazito01
690976,Alex Freeland,SS,freelal01
683227,Cody Freeman,3B,freemco01
518692,Freddie Freeman,1B,freemfr01
502273,Mike Freeman,SS,freemmi01
671289,Tyler Freeman,RF,freemty01
686217,Sal Frelick,RF,frelisa01
670770,TJ Friedl,CF,friedtj01
681807,David Fry,1B,fryda01
658069,Joshua Fuentes,3B,fuentjo01
690924,Braxton Fulford,C,fulfobr01
595956,Cam Gallagher,C,gallaca01
608336,Joey Gallo,1B,gallojo01
520471,Freddy Galvis,SS,galvifr01
592325,Ben Gamel,RF,gamelbe01
666969,Adolis García,RF,garciad02
605244,Aramis Garcia,C,garciar01
541645,Avisaíl García,RF,garciav01
660650,Dérmis Garcia,1B,garcide02
691373,Jhostynxon Garcia,CF,garcijh01
676480,José Barrero,SS,garcijo02
544725,Leury García,OF,garcile02
671277,Luis García Jr.,2B,garcilu04
672580,Maikel Garcia,3B,garcima01
596825,Robel García,2B,garciro02
458731,Brett Gardner,LF,gardnbr01
664247,Kyle Garlick,LF,garliky01
572863,Dustin Garneau,C,garnedu01
656448,Stone Garrett,RF,garrest01
641598,Mitch Garver,C,garvemi01
681508,Mickey Gasper,2B,gaspemi01
680869,Zack Gelof,2B,gelofza01
694355,Tyler Gentry,RF,gentrty01
623508,Trent Giambrone,2B,giambtr01
687551,Drew Gilbert,CF,gilbedr01
665926,Andrés Giménez,2B,gimenan01
656467,Chris Gittens,1B,gittech01
608422,José Godoy,C,godoyjo01
502671,Paul Goldschmidt,1B,goldspa01
543228,Yan Gomes,C,gomesya01
570481,Erik González,2B,gonzaer01
670768,Luis González,RF,gonzalu03
503556,Marwin Gonzalez,SS,gonzama01
693304,Nick Gonzales,2B,gonzani01
660757,Oscar Gonzalez,LF,gonzaos01
663853,Romy Gonzalez,1B,gonzaro01
696100,Hunter Goodman,C,goodmhu01
592348,Niko Goodrum,3B,goodrni01
571718,Brian Goodwin,CF,goodwbr01
543829,Dee Strange-Gordon,2B,gordode01
624503,Nick Gordon,SS,gordoni01
605253,Terrance Gore,OF,gorete01
669357,Nolan Gorman,2B,gormano01
685301,Matt Gorski,1B,gorskma01
594838,Phil Gosselin,2B,gosseph01
493329,Yuli Gurriel,1B,gourryu01
518735,Yasmani Grandal,C,grandya01
656484,Tristan Gray,3B,graytr01
682985,Riley Greene,LF,greenri03
544369,Didi Gregorius,SS,gregodi01
606988,Grayson Greiner,C,greingr01
545341,Randal Grichuk,RF,grichra01
663757,Trent Grisham,CF,grishtr01
687093,Vaughn Grissom,2B,grissva01
677954,Jordan Groshans,SS,groshjo01
543257,Robbie Grossman,LF,grossro01
665489,Vladimir Guerrero Jr.,1B,guerrvl02
641645,Luis Guillorme,3B,guilllu01
666971,Lourdes Gurriel Jr.,LF,gurrilo01
656494,Taylor Gushue,C,gushuta01
656495,Dalton Guthrie,LF,guthrda01
642721,Kelvin Gutiérrez,3B,gutieke01
606992,Eric Haase,C,haaseer01
606993,Jake Hager,2B,hagerja01
664059,Sam Haggerty,CF,haggesa01
669742,Darick Hall,1B,hallda02
571740,Billy Hamilton,CF,hamilbi02
643348,Caleb Hamilton,C,hamilca01
666152,David Hamilton,2B,hamilda03
641658,Garrett Hampson,2B,hampsga01
668974,Maverick Handley,C,handlma01
571745,Mitch Haniger,RF,hanigmi01
664023,Ian Happ,LF,happia01
547180,Bryce Harper,1B,harpebr03
695391,Brett Harris,3B,harribr02
687957,Dustin Harris,LF,harridu01
543281,Josh Harrison,2B,harrijo05
671739,Michael Harris II,CF,harrimi04
656509,Monte Harrison,LF,harrimo01
656514,Adam Haseley,RF,haselad01
690987,Robert Hassell III,CF,hassero02
663647,Ke'Bryan Hayes,3B,hayeske01
669720,Austin Hays,LF,haysau01
670084,Nick Heath,CF,heathni01
595978,Austin Hedges,C,hedgeau01
641680,Jonah Heim,C,heimjo01
595981,Scott Heineman,LF,heinesc01
623168,Tyler Heineman,C,heinety01
680737,Michael Helman,CF,helmami01
683002,Gunnar Henderson,SS,hendegu01
668721,Payton Henry,C,henrypa01
682073,David Hensley,OF,henslda01
628338,Guillermo Heredia,LF,heredgu01
641684,Michael Hermosillo,CF,hermomi01
514917,César Hernández,2B,hernace02
687231,Darell Hernaiz,3B,hernada04
609274,Elier Hernandez,RF,hernael02
571771,Enrique Hernández,1B,hernaen02
681715,Heriberto Hernández,LF,hernahe01
606192,Teoscar Hernández,RF,hernate01
628450,Yadiel Hernandez,LF,hernaya01
660634,Yonny Hernández,SS,hernayo02
671056,Iván Herrera,C,herreiv01
645444,Jose Herrera,C,herrejo04
546318,Odúbel Herrera,CF,herreod01
518792,Jason Heyward,LF,heywaja01
676551,Brewer Hicklen,CF,hicklbr01
543305,Aaron Hicks,CF,hicksaa01
543308,John Hicks,C,hicksjo02
689414,Liam Hicks,C,hicksli01
543309,Kyle Higashioka,C,higasky01
664731,P.J. Higgins,C,higgipj01
656537,Derek Hill,CF,hillde01
656541,Sam Hilliard,LF,hillisa01
677956,Rece Hinds,RF,hindsre01
669374,Keston Hiura,1B,hiurake01
663538,Nico Hoerner,2B,hoernni01
592407,Bryan Holaday,C,holadbr01
702616,Jackson Holliday,2B,hollija01
571788,Brock Holt,2B,holtbr01
686759,TJ Hopkins,CF,hopkitj01
687462,Spencer Horwitz,1B,horwisp01
656555,Rhys Hoskins,1B,hoskirh01
543333,Eric Hosmer,1B,hosmeer01
691781,Brady House,3B,housebr01
592419,Jared Hoying,LF,hoyinja01
621529,Joe Hudson,C,hudsojo03
669087,Sam Huff,C,huffsa01
669450,Cooper Hummel,LF,hummeco01
656568,Scott Hurst,OF,hurstsc01
674441,Jacob Hurtubise,LF,hurtuja01
628451,Andy Ibáñez,3B,ibanean01
578428,Jose Iglesias,2B,iglesjo01
542255,Ender Inciarte,CF,inciaen01
663697,Jonathan India,2B,indiajo01
664728,Kyle Isbel,CF,isbelky01
656577,Alex Jackson,C,jacksal02
623515,Drew Jackson,2B,jacksdr01
669236,Jeremiah Jackson,2B,jacksje02
608671,Travis Jankowski,RF,jankotr01
643376,Danny Jansen,C,janseda01
445055,Jon Jay,CF,jayjo02
680777,Ryan Jeffers,C,jeffery01
695600,Carter Jensen,C,jenseca01
650391,Eloy Jiménez,DH,jimenel02
677870,Leo Jiménez,SS,jimenle01
656582,Connor Joe,RF,joeco01
669369,Bryce Johnson,CF,johnsbr03
669288,Daniel Johnson,CF,johnsda07
687859,Troy Johnston,OF,johnstr02
675659,Greg Jones,RF,jonesgr02
592444,JaCoby Jones,CF,jonesja07
663330,Jahmai Jones,RF,jonesja08
666134,Nolan Jones,RF,jonesno01
622100,Taylor Jones,1B,jonesta01
682119,Levi Jordan,CF,jordale01
459964,Matt Joyce,RF,joycema01
592450,Aaron Judge,RF,judgeaa01
666397,Edouard Julien,2B,julieed01
667452,Corey Julks,LF,julksco01
690291,Jace Jung,3B,jungja01
673962,Josh Jung,3B,jungjo01
663731,Connor Kaiser,SS,kaiseco01
691720,Kyle Karros,3B,karroky01
641741,Gosuke Katoh,2B,katohgo01
694359,Niko Kavadas,OF,kavadni01
692216,C.J. Kayfus,1B,kayfucj01
453527,Sean Kazmar Jr.,SS,kazmase01
807712,Luke Keaschall,2B,keasclu01
680577,DaShawn Keirsey Jr.,CF,keirsda01
690993,Colt Keith,2B,keithco01
672284,Jarred Kelenic,RF,kelenja01
608348,Carson Kelly,C,kellyca02
805249,Otto Kemp,1B,kempot01
643393,Tony Kemp,LF,kempto01
671083,Buddy Kennedy,1B,kennebu01
596146,Max Kepler,LF,keplema01
666197,Grae Kessinger,3B,kessigr01
666198,Carter Kieboom,3B,kieboca01
595281,Kevin Kiermaier,CF,kiermke01
673490,Ha-Seong Kim,SS,kimha01
808975,Hyeseong Kim,2B,kimhy02
643396,Isiah Kiner-Falefa,SS,kineris01
664068,Scott Kingery,2B,kingesc01
666135,Alex Kirilloff,LF,kirilal01
672386,Alejandro Kirk,C,kirkal01
623182,Patrick Kivlehan,RF,kivlepa01
677008,Heston Kjerstad,LF,kjershe01
595284,Andrew Knapp,C,knappan01
668800,Andrew Knizner,C,kniznan01
667428,Grant Koch,C,kochgr01
670128,Taylor Kohlwey,RF,kohlwta01
656627,Mark Kolozsvary,C,kolozma01
683766,Christian Koss,2B,kossch01
518902,Pete Kozma,SS,kozmape01
668952,Ryan Kreidler,CF,kreidry01
607249,Jason Krizan,2B,krizaja01
667674,Jack Kruger,C,krugeja01
701762,Nick Kurtz,1B,kurtzni01
680757,Steven Kwan,LF,kwanst01
502285,Tyler Ladendorf,2B,ladenty01
501571,Juan Lagares,RF,lagarju01
534606,Ryan LaMarre,LF,lamarry01
571875,Jake Lamb,1B,lambja01
669127,Shea Langeliers,C,langesh01
694671,Wyatt Langford,LF,langfwy01
663616,Trevor Larnach,RF,larnatr01
677223,Jack Larsen,OF,larseja01
600303,Tommy La Stella,DH,lasteto01
657656,Ramón Laureano,RF,laurera01
543432,Ryan Lavarnway,C,lavarry01
681526,Bryan Lavastida,C,lavasbr01
691783,Jordan Lawlar,SS,lawlajo01
641779,Charles Leblanc,3B,leblach01
686797,Brooks Lee,3B,leebr02
808982,Jung Hoo Lee,CF,leeju01
666137,Khalil Lee,CF,leekh01
686676,Korey Lee,C,leeko01
518934,DJ LeMahieu,2B,lemahdj01
694175,Pedro León,RF,leonpe01
506702,Sandy León,C,leonsa01
623507,Josh Lester,1B,lestejo02
641786,Kyle Lewis,OF,lewisky01
668904,Royce Lewis,3B,lewisro02
642736,Domingo Leyba,SS,leybado01
642451,Luis Liberato,OF,liberlu01
695734,Daylen Lile,RF,lileda01
596019,Francisco Lindor,SS,lindofr01
624407,Tzu-Wei Lin,SS,lintz02
686531,Andre Lipcius,2B,lipcian01
702358,Trey Lipscomb,3B,lipsctr01
446653,Jose Lobaton,C,lobatjo01
641796,Tim Locastro,LF,locasti01
682988,Tyler Locklear,1B,locklty01
663604,Brandon Lockridge,LF,lockrbr01
679845,Nick Loftin,LF,loftini01
446334,Evan Longoria,3B,longoev01
643418,Shed Long Jr.,2B,longsh01
694388,Joey Loperfido,LF,loperjo01
547173,Christian Lopes,2B,lopesch01
621005,Tim Lopes,2B,lopesti01
664670,Alejo Lopez,2B,lopezal03
676761,Irving Lopez,2B,lopezir01
605346,Jack López,2B,lopezja03
670032,Nicky Lopez,3B,lopezni01
672640,Otto Lopez,2B,lopezot01
664040,Brandon Lowe,2B,lowebr01
666139,Josh Lowe,RF,lowejo01
663993,Nathaniel Lowe,1B,lowena01
476704,Jed Lowrie,SS,lowrije01
682617,Marco Luciano,OF,luciama01
518960,Jonathan Lucroy,C,lucrojo01
683090,Matthew Lugo,LF,lugoma01
664770,Nathan Lukes,RF,lukesna01
656669,Jordan Luplow,LF,luplojo01
666158,Gavin Lux,LF,luxga01
553988,Dixon Machado,2B,machadi01
592518,Manny Machado,3B,machama01
605353,Vimael Machín,SS,machivi01
680862,Willie MacIver,C,macivwi01
676950,David MacKinnon,1B,mackida01
676632,Bligh Madris,1B,madribl01
663611,Nick Madrigal,3B,madrini01
543482,Drew Maggi,3B,maggidr01
571912,Luke Maile,C,mailelu01
455117,Martín Maldonado,C,maldoma01
669234,Justyn-Henry Malloy,RF,malloju02
641820,Trey Mancini,1B,mancitr01
663968,Jake Mangum,LF,manguja01
700932,Kyle Manzardo,1B,manzaky01
672779,Tucupita Marcano,SS,marcatu01
665561,Rafael Marchán,C,marchra01
622534,Manuel Margot,RF,margoma01
545350,Jake Marisnick,CF,marisja01
687799,Cade Marlowe,LF,marloca01
592530,José Marmolejos,1B,marmojo01
571918,Deven Marrero,3B,marrede01
805300,Jakob Marsee,CF,marseja01
669016,Brandon Marsh,CF,marshbr02
606466,Ketel Marte,2B,marteke01
606336,Luis Marté,SS,martelu02
682622,Noelvi Marte,3B,marteno01
516782,Starling Marte,LF,martest01
682657,Angel Martínez,CF,martian02
668885,Austin Martin,CF,martiau01
641829,Jason Martin,OF,martija03
502110,J.D. Martinez,DH,martijd02
679881,J.P. Martínez,RF,martijp01
605361,Nick Martini,RF,martini02
682619,Orelvis Martinez,2B,martior01
621006,Richie Martin,SS,martiri01
686681,Michael Massey,2B,massemi02
670156,Miles Mastrobuoni,3B,mastrmi01
622761,Jorge Mateo,SS,mateojo01
425772,Jeff Mathis,C,mathije01
664029,Mark Mathias,2B,mathima01
621500,Wyatt Mathisen,3B,mathiwy01
656695,J.J. Matijevic,1B,matijjj01
665155,Nick Maton,1B,matonni01
682641,Luis Matos,RF,matoslu02
694728,Brice Matthews,SS,matthbr01
677595,Ronny Mauricio,3B,mauriro01
457727,Cameron Maybin,CF,maybica01
691785,Marcelo Mayer,3B,mayerma01
608686,Jack Mayfield,2B,mayfija01
691723,Coby Mayo,1B,mayoco01
608577,Nomar Mazara,OF,mazarno01
664850,Patrick Mazeika,C,mazeipa01
643436,Ryan McBroom,1B,mcbrory01
543510,James McCann,C,mccanja02
668832,Kyle McCann,C,mccanky01
664983,Jake McCarthy,CF,mccarja02
676801,Chas McCormick,LF,mccorch01
669200,Mason McCoy,2B,mccoyma01
687529,Grant McCray,CF,mccragr01
676812,Carson McCusker,LF,mccusca01
457705,Andrew McCutchen,RF,mccutan01
676782,Mickey McDonald,LF,mcdonmi01
624512,Reese McGuire,C,mcguire01
663630,Ryan McKenna,RF,mckenry01
641856,Billy McKinney,LF,mckinbi01
656716,Zach McKinstry,3B,mckinza01
680574,Matt McLain,2B,mclaima01
641857,Ryan McMahon,3B,mcmahry01
643446,Jeff McNeil,2B,mcneije01
678554,Curtis Mead,1B,meadcu01
640457,Austin Meadows,LF,meadoau01
678009,Parker Meadows,CF,meadopa01
685133,Wade Meckler,OF,mecklwa01
805367,Chase Meidroth,SS,meidrch01
642336,Francisco Mejía,C,mejiafr01
669004,MJ Melendez,LF,melenmj01
689200,Jacob Melton,LF,meltoja01
664901,Danny Mendick,3B,mendida01
608841,Joey Meneses,1B,menesjo01
640458,Óscar Mercado,RF,mercaos01
474568,Jordy Mercer,SS,mercejo03
606213,Yermín Mercedes,DH,merceye01
701538,Jackson Merrill,CF,merrija01
593160,Whit Merrifield,2B,merriwh01
670223,Matt Mervis,1B,mervima01
683748,Victor Mesa Jr.,CF,mesavi01
676694,Jake Meyers,CF,meyerja02
686452,Drew Millas,C,milladr01
543543,Brad Miller,DH,millebr02
675649,Brian Miller,LF,millebr03
680911,Owen Miller,2B,milleow01
669304,Jose Miranda,3B,miranjo01
670224,Kameron Misner,CF,misneka01
668751,Cal Mitchell,LF,mitchca01
669003,Garrett Mitchell,CF,mitchga01
425877,Yadier Molina,C,molinya01
655316,Andruw Monasterio,SS,monasan01
660162,Yoán Moncada,3B,moncayo01
609275,Adalberto Mondesi,SS,mondera02
670148,Nate Mondou,2B,mondona01
666160,Mickey Moniak,RF,moniami01
663796,Coco Montes,2B,monteco01
660707,Elehuris Montero,1B,monteel01
695657,Colson Montgomery,SS,montgco01
695681,Christian Moore,2B,moorech03
664238,Dylan Moore,2B,mooredy01
592567,Colin Moran,1B,moranco01
666624,Christopher Morel,LF,morelch01
519048,Mitch Moreland,1B,morelmi01
672515,Gabriel Moreno,C,morenga01
621559,Max Moroff,2B,morofma01
600301,Taylor Motter,2B,motteta01
663624,Ryan Mountcastle,1B,mountry01
519058,Mike Moustakas,3B,moustmi01
656775,Cedric Mullins,CF,mullice01
571970,Max Muncy,3B,muncyma01
691777,Max Muncy,3B,muncyma02
622168,Yairo Muñoz,3B,munozya01
669221,Sean Murphy,C,murphse01
608596,Tom Murphy,C,murphto04
665922,Símon Muzziotti,CF,muzzisi01
667472,Dane Myers,CF,myersda01
571976,Wil Myers,1B,myerswi01
665966,Carlos Narváez,C,narvaca01
553882,Omar Narváez,C,narvaom01
640459,Brian Navarreto,C,navarbr01
666310,Bo Naylor,C,naylobo01
647304,Josh Naylor,1B,naylojo01
687263,Zach Neto,SS,netoza01
641914,Sheldon Neuse,3B,neusesh01
663527,Tyler Nevin,1B,nevinty01
621028,Kevin Newman,3B,newmake01
621512,Tomás Nido,C,nidoto01
607043,Brandon Nimmo,LF,nimmobr01
676116,Ryan Noda,1B,nodary01
678877,Jhonkensy Noel,RF,noeljh01
596056,John Nogowski,1B,nogowjo01
543592,Austin Nola,C,nolaau01
663457,Lars Nootbaar,LF,nootbla01
681393,Connor Norby,3B,norbyco01
641924,Jacob Nottingham,C,nottija01
624513,Dom Nuñez,C,nunezdo01
683083,Nasim Nuñez,SS,nunezna01
600524,Renato Núñez,3B,nunezre01
641929,Joseph Odom,C,odomjo01
596059,Rougned Odor,2B,odorro01
657434,Brian O'Grady,RF,ogradbr01
656811,Ryan O'Hearn,1B,ohearry01
681351,Logan O'Hoppe,C,ohopplo01
660271,Shohei Ohtani,TWP,ohtansh01
657247,Brian O'Keefe,C,okeefbr01
608360,Chris Okey,C,okeych01
658668,Edward Olivares,OF,olivaed02
666931,Jared Oliva,RF,olivaja01
621566,Matt Olson,1B,olsonma02
641933,Tyler O'Neill,RF,oneilty01
680716,Jonathan Ornelas,SS,orneljo01
672359,Tirso Ornelas,LF,ornelti01
542364,Rafael Ortega,CF,ortegra01
687401,Joey Ortiz,SS,ortizjo06
696030,Alejandro Osuna,LF,osunaal02
681546,James Outman,CF,outmaja01
670462,Hunter Owen,LF,owenhu01
572008,Chris Owings,SS,owingch01
542303,Marcell Ozuna,DH,ozunama01
665506,Cristian Pache,OF,pachecr01
656821,Kevin Padlo,3B,padloke01
681624,Andy Pages,CF,pagesan01
686780,Pedro Pagés,C,pagespe02
650339,Jermaine Palacios,SS,palacje01
641943,Joshua Palacios,RF,palacjo01
680700,Richie Palacios,LF,palacri01
605412,Joe Panik,2B,panikjo01
657709,Michael Papierski,1B,papiemi01
670623,Isaac Paredes,3B,paredis01
677347,Kyren Paris,CF,parisky01
660829,Hoy Park,OF,parkho01
467827,Gerardo Parra,LF,parrage01
686469,Vinnie Pasquantino,1B,pasquvi01
688363,Graham Pauley,3B,paulegr01
665066,Tyler Payne,C,paynety01
592622,Mark Payton,OF,paytoma01
592626,Joc Pederson,1B,pederjo01
678894,Liover Peguero,SS,pegueli01
665161,Jeremy Peña,SS,penaje02
444482,David Peralta,LF,peralda01
606299,José Peraza,2B,perazjo01
672724,Oswald Peraza,3B,perazos02
672695,Geraldo Perdomo,SS,perdoge01
640902,Jhonny Pereda,C,peredjh01
677592,Everson Pereira,CF,pereiev01
542208,Carlos Pérez,C,perezca02
656024,Carlos Pérez,C,perezca03
541650,Hernán Pérez,SS,perezhe01
669309,Joe Perez,3B,perezjo02
605421,Michael Pérez,C,perezmi03
547379,Roberto Pérez,C,perezro02
521692,Salvador Perez,C,perezsa02
672761,Wenceel Pérez,RF,perezwe01
663368,Blake Perkins,CF,perkibl01
607054,Jace Peterson,SS,peterja01
671976,Tristan Peters,LF,petertr01
502054,Tommy Pham,LF,phamth01
607680,Kevin Pillar,LF,pillake01
444489,Manny Piña,C,pinama01
640461,Chad Pinder,LF,pindech01
672832,Israel Pineda,C,pinedis01
650907,René Pinto,C,pintore02
572039,Stephen Piscotty,RF,piscost01
608700,Kevin Plawecki,C,plaweke01
663911,Nick Plummer,RF,plummni01
570256,Gregory Polanco,RF,polangr01
593871,Jorge Polanco,2B,polanjo01
572041,AJ Pollock,CF,polloaj01
682515,Logan Porter,C,portelo01
457763,Buster Posey,C,poseybu01
650968,Yohel Pozo,C,pozoyo01
668472,Nick Pratto,1B,prattni01
693409,César Prieto,2B,prietce01
665154,Ford Proctor,2B,proctfo01
595777,Jurickson Profar,LF,profaju01
405395,Albert Pujols,1B,pujolal01
578570,Juniel Querecuto,3B,quereju01
700337,Edgar Quero,C,queroed01
596451,Roman Quinn,CF,quinnro01
606019,Esteban Quiroz,3B,quiroes01
678882,Ceddanne Rafaela,CF,rafaece01
663728,Cal Raleigh,C,raleica01
670042,Luke Raley,RF,raleylu01
682663,Agustín Ramírez,C,ramirag01
623912,Harold Ramírez,RF,ramirha02
608070,José Ramírez,3B,ramirjo01
682868,Bryan Ramos,3B,ramosbr01
592656,Henry Ramos,RF,ramoshe01
671218,Heliot Ramos,LF,ramoshe02
467092,Wilson Ramos,C,ramoswi01
670231,John Rave,RF,ravejo01
641999,Corey Ray,CF,rayco01
592663,J.T. Realmuto,C,realmjt01
502210,Josh Reddick,RF,reddijo01
656883,Jakson Reetz,C,reetzja01
608701,Rob Refsnyder,RF,refsnro01
676646,Zach Reks,LF,reksza01
621545,Zach Remillard,2B,remilza01
543685,Anthony Rendon,3B,rendoan01
592669,Hunter Renfroe,RF,renfrhu01
650859,Luis Rengifo,3B,rengilu01
614177,Franmil Reyes,LF,reyesfr01
622569,Pablo Reyes,RF,reyespa01
622682,Victor Reyes,RF,reyesvi01
668804,Bryan Reynolds,RF,reynobr01
608703,Matt Reynolds,2B,reynoma03
700250,Ben Rice,1B,ricebe01
595375,JT Riddle,SS,riddljt01
663586,Austin Riley,3B,rileyau01
621458,Edwin Ríos,1B,riosed01
690022,Ryan Ritter,SS,rittery01
663845,Alfonso Rivas III,1B,rivasal01
660844,Leo Rivas,2B,rivasle01
593590,Webster Rivas,1B,rivaswe01
656896,Emmanuel Rivera,3B,riverem01
425784,René Rivera,C,riverre01
665861,Sebastián  Rivero,C,riverse01
519203,Anthony Rizzo,1B,rizzoan01
621002,Daniel Robertson,2B,roberda10
670298,Kramer Robertson,SS,roberkr01
673357,Luis Robert Jr.,CF,roberlu01
683770,Will Robertson,LF,roberwi02
642020,Chuckie Robinson,C,robinch04
645302,Victor Robles,RF,roblevi01
615699,Jacob Robson,OF,robsoja01
677587,Brayan Rocchio,SS,rocchbr01
702176,Alan Roden,LF,rodenal01
663898,Brendan Rodgers,2B,rodgebr02
682848,Endy Rodríguez,1B,rodrien01
679563,José Rodríguez,SS,rodrijo09
671286,Johnathan Rodríguez,RF,rodrijo10
677594,Julio Rodríguez,CF,rodriju01
668670,Jake Rogers,C,rogerja03
668942,Josh Rojas,3B,rojasjo01
670351,Jose Rojas,3B,rojasjo02
679032,Johan Rojas,CF,rojasjo03
500743,Miguel Rojas,2B,rojasmi02
676896,Chris Roller,CF,rollech01
461865,Andrew Romine,SS,rominan01
519222,Austin Romine,C,rominau01
691011,Drew Romo,C,romodr01
602922,José Rondón,3B,rondojo02
667670,Brent Rooker,RF,rookebr01
666163,Ben Rortvedt,C,rortvbe01
642708,Amed Rosario,3B,rosaram01
592696,Eddie Rosario,OF,rosared01
666703,Eguy Rosario,3B,rosareg01
573131,Darin Ruf,1B,rufda01
665923,Esteury Ruiz,LF,ruizes01
660688,Keibert Ruiz,C,ruizke01
547004,Rio Ruiz,2B,ruizri01
687221,Dalton Rushing,C,rushida01
666164,Blake Rutherford,LF,ruthebl01
668939,Adley Rutschman,C,rutscad01
666165,Blake Sabol,C,sabolbl01
695336,Thomas Saggese,2B,saggeth01
663967,César Salazar,C,salazce01
506703,Adrián Sanchez,3B,sanchad01
645305,Ali Sánchez,C,sanchal04
570560,Yolmer Sánchez,3B,sanchca01
596142,Gary Sánchez,C,sanchga02
660821,Jesús Sánchez,RF,sanchje02
467055,Pablo Sandoval,3B,sandopa01
664848,Donny Sands,C,sandsdo01
691594,Javier Sanoja,2B,sanojja01
593934,Miguel Sanó,3B,sanomi01
623993,Anthony Santander,RF,santaan02
467793,Carlos Santana,1B,santaca01
542454,Danny Santana,OF,santada01
694384,Nolan Schanuel,1B,schanno01
594988,Scott Schebler,RF,schebsc01
669477,Casey Schmitt,3B,schmica01
676914,Davis Schneider,LF,schneda03
682177,Daniel Schneemann,2B,schneda04
570731,Jonathan Schoop,2B,schoojo01
621011,Max Schrock,2B,schroma01
680474,Max Schuemann,3B,schuema01
668845,Aaron Schunk,SS,schunaa01
656941,Kyle Schwarber,LF,schwaky01
643524,Frank Schwindel,1B,schwifr01
687363,Victor Scott II,CF,scottvi01
608369,Corey Seager,SS,seageco01
572122,Kyle Seager,3B,seageky01
676882,Chandler Seagle,C,seaglch01
516416,Jean Segura,SS,segurje01
678011,Anthony Seigler,2B,seiglan01
543760,Marcus Semien,2B,semiema01
663584,Hayden Senger,C,sengeha01
669222,Nick Senzel,3B,senzeni01
661531,Brian Serven,C,servebr01
600474,Pedro Severino,C,severpe01
676044,Bob Seymour,1B,seymobo01
807713,Matt Shaw,3B,shawma01
543768,Travis Shaw,3B,shawtr01
657757,Gavin Sheets,LF,sheetga01
668853,Austin Shenton,1B,shentau01
669699,Braden Shewmake,SS,shewmbr01
670097,Zack Short,3B,shortza01
672279,Michael Siani,CF,sianimi01
642423,Magneuris Sierra,CF,sierrma01
592743,Andrelton Simmons,SS,simmoan01
682927,Ronny Simon,2B,simonro01
802415,Chandler Simpson,CF,simpsch01
572138,Jon Singleton,1B,singljo02
642350,Jose Siri,CF,sirijo01
642082,Chance Sisco,C,siscoch01
596103,Austin Slater,LF,slateau01
675986,Canaan Smith-Njigba,RF,smithca05
701358,Cam Smith,RF,smithca07
642086,Dominic Smith,1B,smithdo02
669701,Josh Smith,SS,smithjo11
607345,Kevan Smith,C,smithke04
675656,Kevin Smith,3B,smithke05
656976,Pavin Smith,1B,smithpa04
669257,Will Smith,C,smithwi05
691016,Tyler Soderstrom,LF,soderty01
519299,Eric Sogard,2B,sogarer01
686765,Nick Sogard,1B,sogarni01
669256,Nick Solak,1B,solakni01
456781,Donovan Solano,1B,solando01
624585,Jorge Soler,RF,solerjo01
624641,Edmundo Sosa,2B,sosaed01
672820,Lenyn Sosa,2B,sosale01
665742,Juan Soto,RF,sotoju01
670869,Livan Soto,SS,sotoli01
519306,Steven Souza Jr.,RF,souzast01
605486,Cory Spangenberg,2B,spangco01
543807,George Springer,RF,springe01
607732,Jacob Stallings,C,stallja01
519317,Giancarlo Stanton,DH,stantmi03
545358,Max Stassi,C,stassma01
668715,Spencer Steer,1B,steersp01
683021,Michael Stefanic,2B,stefami01
663886,Tyler Stephenson,C,stephty01
664057,Andrew Stevenson,CF,stevean01
670276,Cal Stevenson,CF,steveca01
677060,Chad Stevens,SS,stevech02
621466,DJ Stewart,RF,stewadj01
701398,Sal Stewart,3B,stewasa02
657011,Troy Stokes Jr.,LF,stoketr01
596115,Trevor Story,SS,storytr01
681082,Bryson Stott,2B,stottbr01
669065,Kyle Stowers,LF,stoweky01
664702,Myles Straw,CF,strawmy01
667690,C.J. Stubbs,C,stubbcj01
596117,Garrett Stubbs,C,stubbga01
553993,Eugenio Suárez,3B,suareeu01
664954,Brett Sullivan,C,sullibr01
669261,Jack Suwinski,RF,suwinja01
435559,Kurt Suzuki,C,suzukku01
673548,Seiya Suzuki,RF,suzukse01
680552,Travis Swaggerty,LF,swaggtr01
621020,Dansby Swanson,SS,swansda01
700242,Trey Sweeney,SS,sweentr01
606132,Raimel Tapia,RF,tapiara01
665487,Fernando Tatis Jr.,RF,tatisfe02
643565,Mike Tauchman,RF,tauchmi01
665750,Leody Taveras,CF,taverle01
694374,Tim Tawa,2B,tawati01
621035,Chris Taylor,CF,tayloch03
572191,Michael A. Taylor,RF,taylomi02
669392,Samad Taylor,RF,taylosa04
621438,Tyrone Taylor,CF,tayloty01
691019,Kyle Teel,C,teelky01
660731,Anderson Tejeda,SS,tejedan01
642133,Rowdy Tellez,1B,tellero01
677588,José Tena,3B,tenajo01
669326,Bryce Teodosio,CF,teodobr01
663799,Curtis Terry,1B,terrycu01
642136,Matt Thaiss,C,thaisma01
677950,Alek Thomas,CF,thomaal01
642137,Cody Thomas,RF,thomaco01
687515,Colby Thomas,RF,thomaco03
605504,Dillon Thomas,LF,thomadi01
657041,Lane Thomas,CF,thomala02
689041,Rhylan Thomas,RF,thomarh01
669352,Bubba Thompson,CF,thompbu01
572204,Trayce Thompson,RF,thomptr01
669911,Michael Toglia,1B,toglimi01
686475,Tyler Tolbert,2B,tolbety01
664789,Ka'ai Tom,OF,tomka01
679529,Spencer Torkelson,1B,torkesp01
647351,Abraham Toro,1B,toroab01
650402,Gleyber Torres,2B,torregl01
620443,Luis Torrens,C,torrelu01
591720,Ronald Torreyes,SS,torrero01
678662,Ezequiel Tovar,SS,tovarez01
541600,Wilfredo Tovar,SS,tovarwi01
666211,Taylor Trammell,LF,trammta01
676701,Alan Trejo,SS,trejoal01
624431,Jose Trevino,C,trevijo01
669707,Jared Triolo,SS,triolja01
644433,Chadwick Tromp,C,trompch01
545361,Mike Trout,RF,troutmi01
660294,Yoshi Tsutsugo,1B,tsutsyo01
657061,Cole Tucker,SS,tuckeco01
663656,Kyle Tucker,RF,tuckeky01
668930,Brice Turang,2B,turanbr02
457759,Justin Turner,1B,turneju01
607208,Trea Turner,SS,turnetr01
457708,Justin Upton,LF,uptonju01
649966,Luis Urías,2B,uriaslu01
602104,Ramón Urías,3B,uriasra01
570482,Gio Urshela,3B,urshegi01
642162,Pat Valaika,SS,valaipa01
665839,Enmanuel Valdez,1B,valdeen01
591971,Breyvic Valera,LF,valerbr01
671655,George Valera,RF,valerge01
642165,Josh VanMeter,2B,vanmejo01
545121,Ildemaro Vargas,2B,vargail01
678246,Miguel Vargas,3B,vargami01
662139,Daulton Varsho,CF,varshda01
683734,Andrew Vaughn,1B,vaughan01
679631,Terrin Vavra,2B,vavrate01
543877,Christian Vázquez,C,vazquch01
676679,Luis Vázquez,SS,vazqulu01
691728,Zac Veen,RF,veenza01
623205,Andrew Velazquez,SS,velazan01
676369,Nelson Velázquez,RF,velazne01
657077,Alex Verdugo,LF,verdual01
668901,Mark Vientos,3B,vientma01
663837,Matt Vierling,CF,vierlma01
668723,Ryan Vilade,RF,viladry01
681584,David Villar,1B,villada01
542340,Jonathan Villar,2B,villajo01
650619,Meibrys Viloria,C,vilorme01
678391,Jorbit Vivas,2B,vivasjo01
596129,Daniel Vogelbach,DH,vogelda01
519390,Stephen Vogt,C,vogtst01
572228,Luke Voit,1B,voitlu01
683011,Anthony Volpe,SS,volpean01
613564,Jason Vosler,1B,vosleja01
458015,Joey Votto,1B,vottojo01
664774,LaMonte Wade Jr.,1B,wadela01
642180,Tyler Wade,CF,wadety01
676572,Eric Wagaman,1B,wagamer01
695238,Will Wagner,3B,wagnewi01
572233,Christian Walker,1B,walkech02
691023,Jordan Walker,RF,walkejo02
667727,Steele Walker,OF,walkest01
595453,Chad Wallach,C,wallach01
657088,Forrest Wall,LF,wallfo01
670242,Matt Wallner,RF,wallnma01
670764,Taylor Walls,SS,wallsta01
665120,Jared Walsh,1B,walshja01
622268,Donovan Walton,2B,waltodo01
621493,Taylor Ward,LF,wardta01
671221,Drew Waters,LF,waterdr01
666213,Colton Welker,3B,welkeco01
669224,Austin Wells,C,wellsau01
621563,Joey Wendle,2B,wendljo01
673995,Davis Wendzel,3B,wendzda01
642197,Jamie Westbrook,2B,westbja02
676059,Jordan Westburg,3B,westbjo01
694376,Shay Whitcomb,LF,whitcsh01
664334,Aaron Whitefield,LF,whiteaa01
642201,Eli White,RF,whiteel04
657108,Evan White,1B,whiteev01
686894,Joey Wiemer,LF,wiemejo01
592859,Stevie Wilkerson,2B,wilkest01
675961,Alika Williams,2B,willial04
810938,Ben Williamson,3B,willibe03
700246,Carson Williams,SS,willica02
642211,Justin Williams,RF,williju02
663897,Luke Williams,SS,willilu01
592863,Mason Williams,CF,willima10
608384,Nick Williams,RF,willini01
680963,Cody Wilson,OF,wilsoco01
607111,Jacob Wilson,2B,wilsoja04
805779,Jacob Wilson,SS,wilsoja05
657129,Marcus Wilson,CF,wilsoma02
642215,Weston Wilson,LF,wilsowe01
669717,Will Wilson,3B,wilsowi03
608385,Jesse Winker,LF,winkeje01
676466,Jack Winkler,2B,winklja01
691026,Masyn Winn,SS,winnma01
621550,Patrick Wisdom,1B,wisdopa01
689172,Brett Wisely,2B,wiselbr01
677951,Bobby Witt Jr.,SS,wittbo02
547172,Tony Wolters,C,wolteto01
657136,Connor Wong,C,wongco01
642221,Kean Wong,2B,wongke01
543939,Kolten Wong,2B,wongko01
695578,James Wood,LF,woodja03
669398,Gage Workman,3B,workmga01
642851,Austin Wynns,C,wynnsau01
687066,Eric Yang,C,yanger01
573262,Mike Yastrzemski,RF,yastrmi01
592885,Christian Yelich,LF,yelicch01
660766,Juan Yepez,1B,yepezju01
694377,Nick Yorke,2B,yorkeni01
807799,Masataka Yoshida,LF,yoshima02
670370,Andrew Young,2B,youngan02
702284,Cole Young,2B,youngco01
676724,Jared Young,LF,youngja02
696285,Jacob Young,CF,youngja03
664874,Seby Zavala,C,zavalse01
605548,Bradley Zimmer,CF,zimmebr01
475582,Ryan Zimmerman,3B,zimmery01
572287,Mike Zunino,C,zuninmi01
805904,Zach Cole,CF,
805811,Bryce Eldridge,1B,
694203,Denzer Guzman,SS,
