mlbID,Name,Position,key_bbref
472551,Fernando Abad,P,abadfe01
671096,Andrew Abbott,P,abbotan01
676265,Cory Abbott,P,abbotco01
690953,Mick Abel,P,abelmi01
656061,Albert Abreu,P,abreual01
650556,Bryan Abreu,P,abreubr01
642758,Domingo Acevedo,P,acevedo01
670183,Garrett Acton,P,actonga01
592094,Jason Adam,P,adamja01
613534,Austin Adams,P,adamsau02
701519,Travis Adams,P,adamstr01
686654,Ty Adcock,P,adcocty01
672851,Joan Adon,P,adonjo01
688642,Zach Agnos,P,agnosza01
687924,Julian Aguiar,P,aguiaju01
620396,Miguel Aguilar,P,aguilmi01
669211,Keegan Akin,P,akinke01
595798,R.J. Alaniz,P,alanirj01
452027,Andrew Albers,P,alberan01
660896,Jorge Alcala,P,alcaljo01
645261,Sandy Alcantara,P,alcansa01
691951,Sam Aldegheri,P,aldegsa01
669920,Jason Alexander,P,alexaja01
518397,Scott Alexander,P,alexasc02
641302,Tyler Alexander,P,alexaty01
669935,A.J. Alexy,P,alexyaj01
663465,Kolby Allard,P,allarko01
682027,Cam Alldred,P,alldrca01
663531,Logan Allen,P,allenlo01
671106,Logan Allen,P,allenlo02
680430,Nick Allgeyer,P,allgeni01
622075,Yency Almonte,P,almonye01
656186,Dan Altavilla,P,altavda01
674841,Andrew Alvarez,P,alvaran01
665660,Elvis Alvarado,P,alvarel01
501625,Jose Alvarez,P,alvarjo02
621237,José Alvarado,P,alvarjo03
571439,R.J. Alvarez,P,alvarrj01
640470,Adbert Alzolay,P,alzolad01
474463,Brett Anderson,P,anderbr04
502624,Chase Anderson,P,anderch01
623454,Drew Anderson,P,anderdr02
681982,Grant Anderson,P,andergr01
666120,Ian Anderson,P,anderia01
605121,Justin Anderson,P,anderju01
623433,Nick Anderson,P,anderni01
641312,Shaun Anderson,P,andersh01
664196,Tanner Anderson,P,anderta01
542881,Tyler Anderson,P,anderty01
677076,Clayton Andrews,P,andrecl02
542882,Matt Andriese,P,andrima01
622088,Tejay Antone,P,antonte01
571446,Mark Appel,P,appelma01
644364,Víctor Arano,P,aranovi01
502042,Chris Archer,P,archech01
678215,Luarbert Arias,P,ariaslu01
685503,Kohei Arihara,P,arihako01
542888,Shawn Armstrong,P,armstsh01
453562,Jake Arrieta,P,arrieja01
681293,Spencer Arrighetti,P,arrigsp01
676879,Aaron Ashby,P,ashbyaa01
677952,Braxton Ashcraft,P,ashcrbr01
668933,Graham Ashcraft,P,ashcrgr01
665871,Javier Assad,P,assadja01
501593,Luis Avilán,P,avilalu01
679883,Luinder Avila,P,avilalu02
687014,Nick Avila,P,avilani01
658648,Pedro Avila,P,avilape01
446099,John Axford,P,axforjo01
669199,Lake Bachar,P,bachala01
696147,Sam Bachman,P,bachmsa01
679775,Kyle Backhus,P,backhky01
673258,Michel Baez,P,baezmi01
520980,Pedro Báez,P,baezpe01
641329,Bryan Baker,P,bakerbr01
666364,Jordan Balazovic,P,balazjo02
593604,Alberto Baldonado,P,baldoal01
607455,Anthony Banda,P,bandaan01
621383,Tanner Banks,P,banksta01
544365,Manny Bañuelos,P,banuema01
670056,Caleb Baragar,P,baragca01
453268,Daniel Bard,P,bardda01
572703,Luke Bard,P,bardlu01
673316,Luke Barker,P,barkelu01
669618,Joe Barlow,P,barlojo01
605130,Scott Barlow,P,barlosc01
656212,Charlie Barnes,P,barnech01
606930,Jacob Barnes,P,barneja01
598264,Matt Barnes,P,barnema01
686930,Mason Barnett,P,barnema02
607457,Kyle Barraclough,P,barraky01
518435,Manny Barreda,P,barrema03
642545,Jaime Barria,P,barrija01
542914,Anthony Bass,P,bassan01
605135,Chris Bassitt,P,bassich01
669620,Brady Basso,P,bassobr01
685410,Peyton Battenfield,P,battepe01
545333,Trevor Bauer,P,bauertr01
657508,Mike Baumann,P,baumami01
642585,Félix Bautista,P,bautife01
660825,Eduard Bazardo,P,bazared01
669358,Shane Baz,P,bazsh01
676886,Jeremy Beasley,P,beaslje01
663941,Tristan Beck,P,becktr01
670280,David Bednar,P,bednada01
592135,Cam Bedrosian,P,bedroca01
595881,Tyler Beede,P,beedety01
656222,Jalen Beeks,P,beeksja02
690925,Clayton Beeter,P,beetecl01
571479,Andrew Bellatti,P,bellaan01
678394,Brayan Bello,P,bellobr01
678368,Valente Bellozo,P,bellova01
669622,Anthony Bender,P,bendean01
605138,Wes Benjamin,P,benjawe01
686701,Ryan Bergert,P,bergery01
664157,Travis Bergen,P,bergetr01
642834,Jonathan Bermúdez,P,bermujo01
657514,Brennan Bernardino,P,bernabr01
621244,José Berríos,P,berrijo01
672860,Prelander Berroa,P,berropr01
476454,Dellin Betances,P,betande01
676424,Alec Bettinger,P,bettial01
607352,Joe Biagini,P,biagijo01
676440,Tanner Bibee,P,bibeeta01
641360,Phil Bickford,P,bickfph01
592145,Jesse Biddle,P,biddlje01
674370,Osvaldo Bido,P,bidoos01
669456,Shane Bieber,P,biebesh01
656232,Brandon Bielak,P,bielabr01
685801,Hunter Bigge,P,biggehu01
656234,Jake Bird,P,birdja01
806185,Hayden Birdsong,P,birdsha01
702352,Spencer Bivens,P,bivensp01
621389,Ty Blach,P,blachty01
696131,Mason Black,P,blackma01
621112,Paul Blackburn,P,blackpa01
687134,Bradley Blalock,P,blalobr01
669854,Ronel Blanco,P,blancro01
607468,Alex Blandino,P,blandal01
542947,Richard Bleier,P,bleieri01
656240,Scott Blewett,P,blewesc01
814005,Jake Bloss,P,blossja01
805123,AJ Blubaugh,P,blubaaj01
671790,Ronald Bolaños,P,bolanro01
675989,Cody Bolton,P,boltoco01
592155,Cam Booser,P,booseca01
621366,Ryan Borucki,P,borucry01
641384,Akeem Bostick,P,bostiak01
676961,Caleb Boushley,P,boushca01
641386,Ben Bowden,P,bowdebe01
680742,Jonathan Bowlan,P,bowlajo01
621199,Matt Bowman,P,bowmama01
502202,Brad Boxberger,P,boxbebr01
571510,Matthew Boyd,P,boydma01
671212,Joe Boyle,P,boylejo01
542960,Brad Brach,P,brachbr01
611093,Silvino Bracho,P,brachsi01
674003,Cody Bradford,P,bradfco01
680694,Kyle Bradish,P,bradiky01
605151,Archie Bradley,P,bradlar01
671737,Taj Bradley,P,bradlta01
666374,Matt Brash,P,brashma01
518489,Ryan Brasier,P,brasiry01
643230,Steven Brault,P,braulst01
623211,Huascar Brazobán,P,brazohu01
605154,John Brebbia,P,brebbjo01
592165,Brandon Brennan,P,brennbr01
641394,Jake Brentz,P,brentja01
605155,Colten Brewer,P,breweco01
592169,Austin Brice,P,briceau01
689225,Beau Brieske,P,briesbe01
656257,Jeff Brigham,P,brighje01
668754,Braden Bristo,P,bristbr01
666745,Jhony Brito,P,britojh01
502154,Zack Britton,P,brittza01
641401,Connor Brogdon,P,brogdco01
605156,Aaron Brooks,P,brookaa01
571521,Rex Brothers,P,brothre01
676962,Ben Brown,P,brownbe02
686613,Hunter Brown,P,brownhu01
685326,McCade Brown,P,brownmc01
664141,JT Brubaker,P,brubajt01
677865,Justin Bruihl,P,bruihju01
694350,Zach Brzykcy,P,brzykza01
663460,Kris Bubic,P,bubickr01
571527,David Buchanan,P,buchada01
488748,Ryan Buchter,P,buchtry01
621111,Walker Buehler,P,buehlwa01
656266,J.B. Bukauskas,P,bukaujb01
518516,Madison Bumgarner,P,bumgama01
607481,Aaron Bummer,P,bummeaa01
605164,Dylan Bundy,P,bundydy01
595897,Nick Burdi,P,burdini01
641420,Zack Burdi,P,burdiza01
686228,Juan Burgos,P,burgoju01
670103,Raymond Burgos,P,burgora01
656271,Brock Burke,P,burkebr01
680732,Sean Burke,P,burkese01
669203,Corbin Burnes,P,burneco01
695505,Chase Burns,P,burnsch01
663366,Beau Burrows,P,burrobe01
681347,Mike Burrows,P,burromi01
621114,Ryan Burr,P,burrry01
641427,Alan Busenitz,P,busenal01
681066,Ky Bush,P,bushky01
456713,Matt Bush,P,bushma01
676130,José Buttó,P,buttojo01
665795,Edward Cabrera,P,cabreed02
650893,Génesis Cabrera,P,cabrege01
680983,Kelvin Cáceres,P,cacerke01
502239,Trevor Cahill,P,cahiltr01
663971,Blair Calvo,P,calvobl01
547176,Daniel Camarena,P,camarda01
702070,Noah Cameron,P,camerno01
663462,Isaiah Campbell,P,campbis01
669294,Paul Campbell,P,campbpa02
656288,Griffin Canning,P,cannigr01
686563,Jonathan Cannon,P,cannojo02
666974,Yennier Cano,P,canoye01
676282,Joey Cantillo,P,cantijo01
571539,Matt Carasiti,P,carasma01
656290,Drew Carlton,P,carltdr01
471911,Carlos Carrasco,P,carraca01
692024,Alex Carrillo,P,carrial01
676508,Ben Casparius,P,caspabe01
680604,Blas Castaño,P,castabl01
641447,Daniel Castano,P,castada01
528748,Humberto Castellanos,P,castehu01
624418,Ryan Castellani,P,castery01
650895,Diego Castillo,P,castidi01
620454,José Castillo,P,castijo03
622491,Luis Castillo,P,castilu02
622379,Luis F. Castillo,P,castilu03
666721,Max Castillo,P,castima03
621593,Anthony Castro,P,castran02
665645,Kervin Castro,P,castrke01
612434,Miguel Castro,P,castrmi01
676917,Cade Cavalli,P,cavalca01
656302,Dylan Cease,P,ceasedy01
677944,Slade Cecconi,P,ceccosl01
570666,Luis Cessa,P,cessalu01
468504,Jhoulys Chacín,P,chacijh01
605177,Andrew Chafin,P,chafian01
696149,Bubba Chandler,P,chandbu01
547973,Aroldis Chapman,P,chapmar01
608638,JT Chargois,P,chargjt01
543022,Tyler Chatwood,P,chatwty01
445926,Jesse Chavez,P,chaveje01
630023,Yonny Chirinos,P,chiriyo01
683409,Angel Chivilli,P,chivian01
687847,Marc Church,P,churcma01
643256,Adam Cimber,P,cimbead01
518553,Steve Cishek,P,cishest01
542585,José Cisnero,P,cisnejo01
650644,Aaron Civale,P,civalaa01
664199,Taylor Clarke,P,clarkta01
661403,Emmanuel Clase,P,claseem01
592222,Alex Claudio,P,claudal01
621348,Sam Clay,P,claysa01
664076,Garrett Cleavinger,P,cleavga01
605182,Mike Clevinger,P,clevimi01
461325,Tyler Clippard,P,clippty01
502171,Alex Cobb,P,cobbal01
621129,Kyle Cody,P,codyky01
595918,A.J. Cole,P,coleaj01
543037,Gerrit Cole,P,colege01
669395,Dylan Coleman,P,colemdy01
517008,Alex Colomé,P,colomal01
543045,Adam Conley,P,conlead01
664351,Luis Contreras,P,contrlu01
672710,Roansy Contreras,P,contrro01
656322,Sam Coonrod,P,coonrsa01
571578,Patrick Corbin,P,corbipa01
622772,Jimmy Cordero,P,cordeji01
641482,Nestor Cortes,P,cortene01
676680,Tom Cosgrove,P,cosgrto01
605194,Jharel Cotton,P,cottojh01
543056,Danny Coulombe,P,couloda01
664776,Jake Cousins,P,cousija01
592229,Dylan Covey,P,coveydy01
680735,Austin Cox,P,coxau01
676710,Kutter Crawford,P,crawfku01
592233,Stefan Crichton,P,crichst01
605195,Kyle Crick,P,crickky01
622503,Nabil Crismatt,P,crismna01
681867,Cooper Criswell,P,criswco01
676105,Jeff Criswell,P,criswje01
676979,Garrett Crochet,P,crochga01
686539,Declan Cronin,P,cronide01
668968,Hans Crouse,P,crousha01
640444,Wil Crowe,P,crowewi01
518585,Fernando Cruz,P,cruzfe01
672911,Jesus Cruz,P,cruzje01
678316,Omar Cruz,P,cruzom01
674444,Steven Cruz,P,cruzst01
621016,Jose Cuas,P,cuasjo01
456501,Johnny Cueto,P,cuetojo01
675540,Xzavion Curry,P,curryxz01
595928,John Curtiss,P,curtijo02
681168,Luis Curvelo,P,curvelu01
664202,Tyler Cyr,P,cyrty01
702674,Caden Dana,P,danaca01
669721,Davis Daniel,P,danieda01
641501,Tyler Danish,P,danisty01
668470,Hagen Danner,P,danneha01
699911,Dugan Darnell,P,darnedu01
690382,Michael Darrell-Hicks,P,darremi01
506433,Yu Darvish,P,darviyu01
656353,Tucker Davidson,P,davidtu01
605200,Zach Davies,P,davieza02
656354,Austin Davis,P,davisau01
663562,Noah Davis,P,davisno01
451584,Wade Davis,P,daviswa01
594795,Grant Dayton,P,daytogr01
676969,Brett de Geus,P,degeubr01
594798,Jacob deGrom,P,degroja01
669804,Angel De Jesus,P,dejesan01
646241,Enmanuel De Jesus,P,dejesen01
608328,Chase De Jong,P,dejonch01
592254,José De León,P,deleojo03
660853,Enyel De Los Santos,P,delosen01
660787,Yerry De los Santos,P,delosye01
600887,Miguel Del Pozo,P,delpomi01
571616,Matt Dermody,P,dermoma01
543101,Anthony DeSclafani,P,desclan01
672282,Reid Detmers,P,detmere01
446321,Ross Detwiler,P,detwiro01
606965,Chris Devenski,P,devench02
664747,Alexis Díaz,P,diazal03
621242,Edwin Díaz,P,diazed04
646242,Jhonathan Díaz,P,diazjh01
622766,Miguel Díaz,P,diazmi02
660546,Yennsy Díaz,P,diazye01
700270,Yilber Díaz,P,diazyi01
505447,Brandon Dickson,P,dicksbr01
670426,Phillip Diehl,P,diehlph01
518617,Jake Diekman,P,diekmja01
650959,Marcos Diplán,P,diplama01
690928,Hunter Dobbins,P,dobbihu01
677976,Randy Dobnak,P,dobnara01
689266,Dylan Dodd,P,dodddy01
675971,Kyle Dohy,P,dohyky01
503569,Rafael Dolis,P,dolisra01
801403,Chase Dollander,P,dollach01
622554,Seranthony Domínguez,P,dominse01
448281,Sean Doolittle,P,doolise01
666808,Camilo Doval,P,dovalca01
664871,Kyle Dowdy,P,dowdyky01
656382,Tommy Doyle,P,doyleto01
676263,Jack Dreyer,P,dreyeja01
650960,Daniel Duarte,P,duartda01
681869,Shawn Dubin,P,dubinsh01
608648,Tyler Duffey,P,duffety01
518633,Danny Duffy,P,duffyda01
667498,Robert Dugger,P,duggero01
641540,Dane Dunning,P,dunnida01
643290,Justin Dunn,P,dunnju01
670161,Parker Dunshee,P,dunshpa01
641541,Jon Duplantier,P,duplajo01
679922,Carlos Duran,P,duranca01
661395,Jhoan Duran,P,duranjh01
663975,Nick Duron,P,duronni01
813349,Connelly Early,P,earlyco01
671109,Jake Eder,P,ederja01
605218,Carl Edwards Jr.,P,edwarca01
664123,Scott Effross,P,effrosc01
621107,Zach Eflin,P,eflinza01
595191,Jerad Eickhoff,P,eickhje01
685126,Brandon Eisert,P,eiserbr01
693821,Bryce Elder,P,elderbr01
606273,Roenis Elías,P,eliasro01
686642,Fraser Ellard,P,ellarfr01
676220,Seth Elledge,P,elledse01
595939,Chris Ellis,P,ellisch01
592288,Kent Emanuel,P,emanuke01
669438,Mason Englert,P,englema01
608650,Dietrich Enns,P,ennsdi01
663671,Nic Enright,P,enrigni01
543135,Nathan Eovaldi,P,eovalna01
668674,Lucas Erceg,P,erceglu01
572362,Robbie Erlin,P,erlinro01
664045,Thomas Eshelman,P,eshelto01
664744,Jose Espada,P,espadjo01
659262,Anderson Espinoza,P,espinan01
502179,Paolo Espino,P,espinpa01
642659,Raynel Espinal,P,espinra01
683155,Joey Estes,P,estesjo01
608032,Carlos Estévez,P,estevca01
669093,Jeremiah Estrada,P,estraje01
681751,Lazaro Estrada,P,estrala01
663770,Demarcus Evans,P,evansde01
688138,Logan Evans,P,evanslo01
656412,Alex Faedo,P,faedoal01
664126,Pete Fairbanks,P,fairbpe01
663559,Bailey Falter,P,falteba01
544727,Jeurys Familia,P,familje01
607188,Jake Faria,P,fariaja01
571656,Buck Farmer,P,farmebu01
608652,Luke Farrell,P,farrelu01
815083,Mitch Farris,P,farrimi01
676534,Calvin Faucher,P,fauchca01
607200,Erick Fedde,P,feddeer01
621399,Brady Feigl,P,feiglbr01
665734,Angel Felipe,P,felipan01
593140,Michael Feliz,P,felizmi01
491703,Neftalí Feliz,P,felizne01
663372,Ryan Feltner,P,feltnry01
657571,Caleb Ferguson,P,ferguca01
621053,Tyler Ferguson,P,ferguty01
820862,José Fermin,P,fermijo02
658551,Junior Fernández,P,fernaju01
642759,Julian Fernández,P,fernaju02
681676,Ryan Fernandez,P,fernary01
678606,Jose A. Ferrer,P,ferrejo01
701581,David Festa,P,festada01
670036,Matt Festa,P,festama01
656420,J.P. Feyereisen,P,feyerjo01
571666,Mike Fiers,P,fiersmi01
640448,Kyle Finnegan,P,finneky01
680755,Braydon Fisher,P,fishebr02
688010,Nate Fisher,P,fishena01
670288,Jake Fishman,P,fishmja01
690916,Richard Fitts,P,fittsri01
664852,Jay Flaa,P,flaaja01
656427,Jack Flaherty,P,flaheja01
676596,Josh Fleming,P,flemijo01
667465,Aaron Fletcher,P,fletcaa01
623167,Chris Flexen,P,flexech01
641576,Bernardo Flores Jr.,P,florebe01
571670,Dylan Floro,P,florody01
689254,Mason Fluharty,P,fluhama01
671345,Jason Foley,P,foleyja01
592314,Mike Foltynewicz,P,foltymi01
641582,Matt Foster,P,fostema01
670102,Bowden Francis,P,francbo01
641585,J.P. France,P,francjp01
571676,Seth Frankoff,P,frankse01
607536,Kyle Freeland,P,freelky01
673965,Caleb Freeman,P,freemca01
666818,Luis Frías,P,friaslu01
608331,Max Fried,P,friedma01
605240,Jace Fry,P,fryja01
643316,Paul Fry,P,frypa01
800311,Didier Fuentes,P,fuentdi01
660261,Shintaro Fujinami,P,fujinsh01
608334,Carson Fulmer,P,fulmeca01
605242,Michael Fulmer,P,fulmemi01
681892,Kody Funderburk,P,fundeko01
608335,Kyle Funkhouser,P,funkhky01
683769,Hunter Gaddis,P,gaddihu01
657424,Matt Gage,P,gagema01
606149,Giovanny Gallegos,P,gallegi01
668678,Zac Gallen,P,galleza01
607231,John Gant,P,gantjo01
642520,Gerson Garabito,P,garabge01
650530,Bryan Garcia,P,garcibr01
805299,Brandyn Garcia,P,garcibr02
665620,Deivi García,P,garcide01
658305,Edgar García,P,garcied01
606424,Jarlín García,P,garcija04
472610,Luis García,P,garcilu03
677651,Luis Garcia,P,garcilu05
670329,Rico Garcia,P,garciri01
665621,Rony García,P,garciro03
676395,Robert Garcia,P,garciro04
554340,Yimi García,P,garciyi01
607237,Amir Garrett,P,garream01
666129,Braxton Garrett,P,garrebr01
657585,Reed Garrett,P,garrere01
621057,Justin Garza,P,garzaju01
621248,Ralph Garza Jr.,P,garzara01
688107,Robert Gasser,P,gassero01
592332,Kevin Gausman,P,gausmke01
680702,Joey Gerber,P,gerbejo01
593334,Domingo Germán,P,germado01
681464,Frank German,P,germafr02
801434,Paul Gervase,P,gervapa01
664139,Ian Gibaut,P,gibauia01
806188,Cade Gibson,P,gibsoca01
502043,Kyle Gibson,P,gibsoky01
669302,Logan Gilbert,P,gilbelo01
656457,Tyler Gilbert,P,gilbety01
656458,Lucas Gilbreath,P,gilbrlu01
571704,Ken Giles,P,gileske01
670810,Logan Gillaspie,P,gillalo01
687362,Connor Gillispie,P,gillico01
661563,Luis Gil,P,gillu01
656464,Kevin Ginkel,P,ginkeke01
669372,J.T. Ginn,P,ginnjt01
608337,Lucas Giolito,P,giolilu01
687830,Sawyer Gipson-Long,P,gipsosa01
571710,Mychal Givens,P,givenmy01
607192,Tyler Glasnow,P,glasnty01
643327,Zack Godley,P,godleza01
596295,Austin Gomber,P,gombeau01
672782,Yoendrys Gómez,P,gomezyo01
624427,Stephen Gonsalves,P,gonsast01
664062,Tony Gonsolin,P,gonsoto01
592346,Chi Chi González,P,gonzach01
594835,Marco Gonzales,P,gonzama02
624647,Victor González,P,gonzavi02
682790,Wikelman González,P,gonzawi02
676467,Colton Gordon,P,gordoco01
685299,Tanner Gordon,P,gordota01
669022,MacKenzie Gore,P,gorema01
543238,Anthony Gose,P,gosean01
641627,Trevor Gott,P,gotttr01
623485,Ashton Goudeau,P,goudeas01
700669,Gordon Graceffo,P,gracego01
701552,Andre Granillo,P,granian01
660813,Brusdar Graterol,P,gratebr01
608665,Kendall Graveman,P,graveke01
592351,Jon Gray,P,grayjo02
680686,Josiah Gray,P,grayjo03
543243,Sonny Gray,P,grayso01
643338,Chad Green,P,greench03
641632,Conner Greene,P,greenco01
668881,Hunter Greene,P,greenhu01
572888,Shane Greene,P,greensh02
425844,Zack Greinke,P,greinza01
656492,Foster Griffin,P,grifffo01
518748,Justin Grimm,P,grimmju01
675627,Michael Grove,P,grovemi01
607229,Robert Gsellman,P,gsellro01
594056,Reymin Guduan,P,guduare01
674944,Sean Guenther,P,guentse01
500610,Deolis Guerra,P,guerrde01
457915,Javy Guerra,P,guerrja01
642770,Javy Guerra,P,guerrja02
448855,Junior Guerra,P,guerrju02
692285,Luis Guerrero,P,guerrlu01
543258,Preston Guilmet,P,guilmpr01
594311,Jandel Gustave,P,gustaja01
687473,Ryan Gusto,P,gustory01
661269,Vladimir Gutierrez,P,gutievl01
660422,Jorge Guzmán,P,guzmajo04
608597,Ronald Guzmán,P,guzmaro01
623352,Josh Hader,P,haderjo01
663795,Justin Hagenman,P,hagenju01
534910,Jesse Hahn,P,hahnje01
571735,David Hale,P,haleda02
669084,DL Hall,P,halldl01
678020,Seth Halvorsen,P,halvose01
641656,Ian Hamilton,P,hamilia01
670456,JD Hammer,P,hammejd01
676106,Emerson Hancock,P,hancoem01
543272,Brad Hand,P,handbr01
621098,Eric Hanhold,P,hanhoer01
669724,Brenan Hanifee,P,hanifbr01
457918,J.A. Happ,P,happja01
543278,Blaine Hardy,P,hardybl01
607560,Ryne Harper,P,harpery01
802686,Hayden Harris,P,harriha01
665048,Hobie Harris,P,harriho02
663687,Hogan Harris,P,harriho03
690986,Kyle Harrison,P,harriky01
802419,Thomas Harrington,P,harrito03
501789,Will Harris,P,harriwi10
606996,Kyle Hart,P,hartky01
664129,Geoff Hartlieb,P,hartlge01
670057,Ryan Hartman,P,hartmry01
701643,Grant Hartwig,P,hartwgr01
640451,Hunter Harvey,P,harvehu01
518774,Matt Harvey,P,harvema01
641672,Thomas Hatch,P,hatchto01
545343,Louis Head,P,headlo01
687396,Brent Headrick,P,headrbr01
571760,Andrew Heaney,P,heanean01
621368,Taylor Hearn,P,hearnta01
669169,Jonathan Heasley,P,heasljo01
621294,Ben Heller,P,hellebe01
664854,Ryan Helsley,P,helslry01
592390,Heath Hembree,P,hembrhe01
701656,Logan Henderson,P,hendelo01
543294,Kyle Hendricks,P,hendrky01
521230,Liam Hendriks,P,hendrli01
641682,Ryan Hendrix,P,hendrry01
668874,Blair Henley,P,henlebl01
683618,Edgardo Henriquez,P,henried01
678692,Ronny Henriquez,P,henriro01
669371,Cole Henry,P,henryco01
674072,Tommy Henry,P,henryto01
656529,Sam Hentges,P,hentgsa01
623474,Jimmy Herget,P,hergeji01
643361,Kevin Herget,P,hergeke01
672578,Carlos Hernández,P,hernaca04
650382,Darwinzon Hernández,P,hernada02
678226,Daysbel Hernández,P,hernada03
622694,Elieser Hernández,P,hernael01
642546,Jonathan Hernández,P,hernajo02
669796,Jose E. Hernandez,P,hernajo03
663321,Nick Hernandez,P,hernani01
682120,Tim Herrin,P,herriti01
687792,DJ Herz,P,herzdj01
605276,David Hess,P,hessda01
676051,Codi Heuer,P,heuerco01
663855,Jordan Hicks,P,hicksjo03
657610,Trevor Hildenberger,P,hildetr01
682051,Garrett Hill,P,hillga02
677955,Jaden Hill,P,hillja01
448179,Rich Hill,P,hillri01
657612,Tim Hill,P,hillti01
682274,Yaramil Hiraldo,P,hiralya01
663546,Sean Hjelle,P,hjellse01
687863,Porter Hodge,P,hodgepo01
663773,Bryan Hoeing,P,hoeinbr01
694851,Andrew Hoffmann,P,hoffman01
656546,Jeff Hoffman,P,hoffmje02
676510,Nolan Hoffman,P,hoffmno01
680684,Gunnar Hoglund,P,hoglugu01
670059,Colin Holderman,P,holdeco01
502706,Derek Holland,P,hollade01
518813,Greg Holland,P,hollagr01
668970,Gavin Hollowell,P,holloga01
656548,Jordan Holloway,P,hollojo01
680880,Grant Holman,P,holmagr01
605280,Clay Holmes,P,holmecl01
656550,Grant Holmes,P,holmegr01
663947,Tyler Holton,P,holtoty01
641703,Brent Honeywell,P,honeybr01
690544,Bailey Horn,P,hornba01
690990,Cade Horton,P,hortoca01
656557,Tanner Houck,P,houckta01
605288,Adrian Houser,P,housead01
607572,Sam Howard,P,howarsa01
675921,Spencer Howard,P,howarsp01
624586,James Hoyt,P,hoytja01
663542,Bryan Hudson,P,hudsobr01
543339,Daniel Hudson,P,hudsoda01
641712,Dakota Hudson,P,hudsoda02
676714,Brandon Hughes,P,hughebr01
488984,Tommy Hunter,P,hunteto02
676428,Brant Hurter,P,hurtebr01
669165,Kyle Hurt,P,hurtky01
571800,Drew Hutchison,P,hutchdr01
628452,Raisel Iglesias,P,iglesra01
684007,Shota Imanaga,P,imanash01
688427,Kolton Ingram,P,ingrako01
683568,Jairo Iriarte,P,iriarja01
608344,Cole Irvin,P,irvinco01
663623,Jake Irvin,P,irvinja01
663959,Tyler Ivey,P,iveyty01
656578,Andre Jackson,P,jacksan01
543351,Jay Jackson,P,jacksja01
592426,Luke Jackson,P,jackslu01
667427,Zach Jackson,P,jacksza02
689690,Alek Jacob,P,jacobal01
682175,Joe Jacques,P,jacqujo01
686753,Drey Jameson,P,jamesdr01
657624,Josh James,P,jamesjo02
595263,Mickey Jannis,P,jannimi01
445276,Kenley Jansen,P,janseke01
686826,Bryce Jarvis,P,jarvibr01
664299,Cristian Javier,P,javiecr01
643377,Griffin Jax,P,jaxgr01
664079,Tyler Jay,P,jayty01
641726,Daulton Jefferies,P,jeffeda01
657228,Jake Jewell,P,jewelja01
666204,Dany Jiménez,P,jimenda01
641729,Joe Jiménez,P,jimenjo02
695549,Jackson Jobe,P,jobeja01
597113,DJ Johnson,P,johnsdj01
572955,Pierce Johnson,P,johnspi01
696270,Ryan Johnson,P,johnsry01
686751,Seth Johnson,P,johnsse01
676103,Damon Jones,P,jonesda07
683003,Jared Jones,P,jonesja09
518858,Nate Jones,P,jonesna01
690829,Ben Joyce,P,joycebe01
596001,Jakob Junis,P,junisja01
676083,Janson Junk,P,junkja01
687145,Evan Justice,P,justiev01
592454,Tommy Kahnle,P,kahnlto01
621076,James Kaprielian,P,kaprija01
676689,Ricky Karcher,P,karchri01
675916,James Karinchak,P,karinja01
666154,Karl Kauffmann,P,kauffka01
641743,Anthony Kay,P,kayan01
431148,Scott Kazmir,P,kazmisc01
605309,Keone Kela,P,kelake01
641745,Brad Keller,P,kellebr01
664918,Kyle Keller,P,kelleky01
656605,Mitch Keller,P,kellemi03
665001,Trevor Kelley,P,kelletr01
543391,Casey Kelly,P,kellyca01
523260,Joe Kelly,P,kellyjo05
687330,Kevin Kelly,P,kellyke02
518876,Merrill Kelly,P,kellyme01
547184,Michael Kelly,P,kellymi03
677161,Zack Kelly,P,kellyza01
664028,Brett Kennedy,P,kennebr02
453178,Ian Kennedy,P,kenneia01
687849,Zak Kent,P,kentza01
689147,Orion Kerkering,P,kerkeor01
678061,Ray Kerr,P,kerrra01
477132,Clayton Kershaw,P,kershcl01
572971,Dallas Keuchel,P,keuchda01
592464,Mike Kickham,P,kickhmi01
579328,Yusei Kikuchi,P,kikucyu01
668873,Caleb Kilian,P,kiliaca01
518886,Craig Kimbrel,P,kimbrcr01
547942,Kwang Hyun Kim,P,kimkw01
687911,Bryan King,P,kingbr02
667463,John King,P,kingjo01
650633,Michael King,P,kingmi01
641755,Tyler Kinley,P,kinlety01
445213,Brandon Kintzler,P,kintzbr01
669923,George Kirby,P,kirbyge01
685116,Austin Kitchen,P,kitchau01
552640,Andrew Kittredge,P,kittran01
694361,Will Klein,P,kleinwi01
656620,Gabe Klobosits,P,kloboga01
680572,Adam Kloffenstein,P,kloffad01
446372,Corey Kluber,P,klubeco01
689017,Landon Knack,P,knackla01
608349,Corey Knebel,P,knebeco01
663753,Reiss Knehr,P,knehrre01
643400,Dusten Knight,P,knighdu01
686799,Jack Kochanowicz,P,kochaja01
571863,Matt Koch,P,kochma01
657649,Jared Koenig,P,koenija01
621259,Brody Koerner,P,koernbr01
592473,Adam Kolarek,P,kolarad01
663568,Stephen Kolek,P,kolekst01
656629,Michael Kopech,P,kopecmi01
663804,Jackson Kowar,P,kowarja01
668820,Max Kranick,P,kranima01
667478,Evan Kravetz,P,kraveev01
607216,Joey Krehbiel,P,krehbjo01
665152,Dean Kremer,P,kremede01
621139,Brooks Kriske,P,kriskbr01
670219,Zac Kristofak,P,kristza01
571871,Ian Krol,P,krolia01
640454,Matt Krook,P,krookma01
641771,Chad Kuhl,P,kuhlch01
669270,Joel Kuhnel,P,kuhnejo01
607609,A.J. Ladwig,P,ladwiaj01
621078,Brady Lail,P,lailbr01
664042,Travis Lakins Sr.,P,lakintr01
669424,Jimmy Lambert,P,lambeji01
663567,Peter Lambert,P,lambepe01
659275,Dinelson Lamet,P,lametdi01
656638,Alex Lange,P,langeal01
666659,Sauryn Lao,P,laosa01
691251,Andry Lara,P,laraan01
686747,Joe La Sorsa,P,lasorjo01
656641,Jacob Latz,P,latzja01
641778,Eric Lauer,P,lauerer01
571882,Derek Law,P,lawde01
596271,Casey Lawrence,P,lawreca01
664875,Justin Lawrence,P,lawreju01
676661,Max Lazar,P,lazarma01
681517,Kyle Leahy,P,leahyky01
673929,Jordan Leasure,P,leasujo01
453281,Wade LeBlanc,P,leblawa01
600917,José Leclerc,P,leclejo01
695445,Chase Lee,P,leech02
669276,Dylan Lee,P,leedy01
681885,Evan Lee,P,leeev01
668984,Casey Legumina,P,legumca01
605335,Brandon Leibrandt,P,leibrbr01
683004,Jack Leiter,P,leiteja01
643410,Mark Leiter Jr.,P,leitema02
621082,Jacob Lemoine,P,lemoija01
608678,Dominic Leone,P,leonedo01
452657,Jon Lester,P,lestejo01
669461,Matthew Liberatore,P,liberma01
458676,Josh Lindblom,P,lindbjo01
689167,Jeff Lindgren,P,lindgje01
641793,Zack Littell,P,litteza01
663893,Brendon Little,P,littlbr02
669193,Jack Little,P,littlja02
681432,Luke Little,P,littllu01
594902,Ben Lively,P,livelbe01
661440,Mauricio Llovera,P,llovema01
642528,Jonathan Loáisiga,P,loaisjo01
543456,Kyle Lobstein,P,lobstky01
666157,Nick Lodolo,P,lodolni01
656657,Zach Logue,P,logueza01
669674,Sam Long,P,longsa01
682052,Jacob Lopez,P,lopezja04
605347,Jorge López,P,lopezjo02
673111,José Lopez,P,lopezjo04
641154,Pablo López,P,lopezpa01
625643,Reynaldo López,P,lopezre01
661255,Yoan López,P,lopezyo01
695418,Brad Lord,P,lordbr02
547179,Michael Lorenzen,P,lorenmi01
571901,Aaron Loup,P,loupaa01
702795,Ryan Loutos,P,loutory01
663992,Richard Lovelady,P,lovelri01
695076,Rhett Lowder,P,lowderh01
675912,Zac Lowther,P,lowthza01
687922,Easton Lucas,P,lucasea01
664192,Joey Lucchesi,P,lucchjo01
476595,Lucas Luetge,P,luetglu01
607625,Seth Lugo,P,lugose01
666200,Jesús Luzardo,P,luzarje01
543475,Jordan Lyles,P,lylesjo01
663738,Daniel Lynch IV,P,lynchda02
458681,Lance Lynn,P,lynnla01
600921,Andrés Machado,P,machaan02
656671,Josh Maciejewski,P,maciejo01
680744,Ty Madden,P,maddety01
650347,Luís Madero,P,maderlu01
628317,Kenta Maeda,P,maedake01
641816,Tyler Mahle,P,mahlety01
687424,Anthony Maldonado,P,maldoan01
640455,Sean Manaea,P,manaese01
666159,Matt Manning,P,mannima02
666201,Alek Manoah,P,manoaal01
573009,Joe Mantiply,P,mantijo01
596027,Dillon Maples,P,mapledi01
676606,Nick Margevicius,P,margeni01
676760,Ron Marinaccio,P,marinro01
592527,Michael Mariot,P,mariomi01
571917,Parker Markel,P,markepa01
608566,Germán Márquez,P,marquge01
679525,Alec Marsh,P,marshal01
605359,Evan Marshall,P,marshev01
665896,José Marte,P,martejo01
628708,Yunior Marte,P,marteyu01
661309,Adrián Martínez,P,martiad01
656685,Brett Martin,P,martibr01
593372,Carlos Martinez,P,martica04
455119,Chris Martin,P,martich02
656686,Corbin Martin,P,martico02
663436,Davis Martin,P,martida03
679885,Justin Martinez,P,martiju01
607259,Nick Martinez,P,martini01
661527,Seth Martinez,P,martise01
664208,Phil Maton,P,matonph01
673513,Yuki Matsui,P,matsuyu01
805673,Zebby Matthews,P,matthze01
676755,Isaac Mattson,P,mattsis01
554431,Tyler Matzek,P,matzety01
571927,Steven Matz,P,matzst01
687209,Zach Maxwell,P,maxweza01
669160,Dustin May,P,maydu01
594577,Mike Mayers,P,mayermi01
543507,Trevor May,P,maytr01
641835,Tim Mayza,P,mayzati01
800049,Adam Mazur,P,mazurad01
607391,Chris Mazza,P,mazzach01
502083,Zach McAllister,P,mcallza01
663704,James McArthur,P,mcartja01
668948,Kirk McCarty,P,mccarki01
670766,Darren McCaughan,P,mccauda01
663556,Shane McClanahan,P,mcclash01
621121,Lance McCullers Jr.,P,mcculla02
680729,Garrett McDaniels,P,mcdanga01
694646,Chayce McDermott,P,mcderch01
686790,Trevor McDonald,P,mcdontr01
519008,T.J. McFarland,P,mcfartj01
668834,Easton McGee,P,mcgeeea01
459429,Jake McGee,P,mcgeeja01
543518,Scott McGough,P,mcgousc01
641851,Kyle McGowin,P,mcgowky01
700241,Michael McGreevy,P,mcgremi01
543521,Collin McHugh,P,mchugco01
641853,David McKay,P,mckayda02
663474,Triston McKenzie,P,mckentr01
690997,Nolan McLean,P,mcleano01
669111,John McMillon,P,mcmiljo01
656725,Alex McRae,P,mcraeal01
607644,John Means,P,meansjo01
683232,Nick Mears,P,mearsni01
682989,Victor Mederos,P,medervi01
658431,Adonis Medina,P,medinad01
665622,Luis Medina,P,medinlu02
703231,James Meeker,P,meekeja01
656730,Trevor Megill,P,megiltr01
656731,Tylor Megill,P,megilty01
664682,Ryan Meisinger,P,meisiry01
650668,Humberto Mejía,P,mejiahu01
650496,J.C. Mejía,P,mejiaje02
675848,Juan Mejia,P,mejiaju01
453343,Mark Melancon,P,melanma01
622492,Keury Mella,P,mellake01
675512,Troy Melton,P,meltotr01
691441,Cristian Mena,P,menacr01
669214,Conner Menez,P,menezco01
596043,Daniel Mengden,P,mengdda01
675650,Michael Mercado,P,mercami01
657240,Julian Merryweather,P,merryju01
800048,Parker Messick,P,messipa01
676974,Max Meyer,P,meyerma01
682825,Luis Mey,P,meylu01
641871,Keynan Middleton,P,middlke01
571945,Miles Mikolas,P,mikolmi01
489119,Wade Miley,P,mileywa01
453192,Andrew Miller,P,millean01
676272,Bobby Miller,P,millebo06
682243,Bryce Miller,P,millebr04
669062,Erik Miller,P,milleer01
502522,Justin Miller,P,milleju02
695243,Mason Miller,P,millema03
668943,Ryan Miller,P,millery01
571946,Shelby Miller,P,millesh01
668338,Tyson Miller,P,millety01
621219,Alec Mills,P,millsal02
670090,Wyatt Mills,P,millswy01
571948,Hoby Milner,P,milneho01
543548,Tommy Milone,P,milonto01
573668,Juan Minaya,P,minayju01
501985,Mike Minor,P,minormi01
621345,A.J. Minter,P,minteaj01
664948,Anthony Misiewicz,P,misiean01
694819,Jacob Misiorowski,P,misioja01
571951,Bryan Mitchell,P,mitchbr01
663554,Casey Mize,P,mizeca01
669387,Carmen Mlodzinski,P,mlodzca01
683627,Anthony Molina,P,molinan01
594580,Sam Moll,P,mollsa01
593423,Frankie Montas,P,montafr02
656755,Bryce Montes de Oca,P,montebr01
801216,Christian Montes De Oca,P,montech01
672456,Keider Montero,P,monteke01
687287,Patrick Monteverde,P,montepa01
606160,Rafael Montero,P,montera01
656756,Jordan Montgomery,P,montgjo01
682254,Mason Montgomery,P,montgma01
519043,Matt Moore,P,moorema02
686842,McKinley Moore,P,mooremc01
672839,Francisco Morales,P,moralfr02
806960,Luis Morales,P,morallu01
572383,Brian Moran,P,moranbr01
663558,Jovani Morán,P,moranjo01
670970,Adrian Morejon,P,morejad01
664294,Dauri Moreta,P,moretda01
605388,Adam Morgan,P,morgaad01
688158,David Morgan,P,morgada01
669212,Eli Morgan,P,morgael01
666661,Juan Morillo,P,morilju02
596049,Shawn Morimando,P,morimsh01
606625,Reyes Moronta,P,moronre01
663752,Cody Morris,P,morrico01
450203,Charlie Morton,P,mortoch02
669105,Zach Muckenhirn,P,muckeza01
666205,Kyle Muller,P,mulleky01
662253,Andrés Muñoz,P,munozan01
682610,Roddery Muñoz,P,munozro01
691548,Rolddy Muñoz,P,munozro02
668716,Noah Murdock,P,murdono01
682171,Penn Murfee,P,murfepe01
669684,Chris Murphy,P,murphch01
641907,Patrick Murphy,P,murphpa02
681151,Jayden Murray,P,murraja01
605397,Joe Musgrove,P,musgrjo01
656786,Parker Mushinski,P,mushipa01
668964,Tobias Myers,P,myersto01
664942,James Naile,P,naileja01
667297,Tommy Nance,P,nanceto01
571980,Tyler Naquin,P,naquity01
677053,Andrew Nardi,P,nardian01
680897,Nick Nastrini,P,nastrni01
676050,Packy Naughton,P,naughpa01
679346,Edgar Navarro,P,navared01
594943,Zach Neal,P,nealza01
680891,Jack Neely,P,neelyja01
663734,Nick Neidert,P,neideni01
519076,Jimmy Nelson,P,nelsoji02
669459,Kyle Nelson,P,nelsoky01
656793,Nick Nelson,P,nelsoni01
669194,Ryne Nelson,P,nelsory01
593576,Héctor Neris,P,nerishe01
623470,Jake Newberry,P,newbeja01
656794,Sean Newcomb,P,newcose01
664714,Ljay Newsome,P,newsolj01
693312,Kyle Nicolas,P,nicolky01
680951,Doug Nikhazy,P,nikhado01
657697,Vinny Nittoli,P,nittovi01
668665,Stephen Nogosek,P,nogosst01
605400,Aaron Nola,P,nolaaa01
543594,Sean Nolin,P,nolinse01
596057,Daniel Norris,P,norrida01
573062,Aaron Northcraft,P,northaa01
656803,James Norwood,P,norwoja01
628345,Darien Núñez,P,nunezda01
673380,Dedniel Núñez,P,nunezde01
674384,Eduarniel Núñez,P,nunezed03
641927,Bailey Ober,P,oberba01
676617,Riley O'Brien,P,obrieri01
503285,Darren O'Day,P,odayda01
543606,Jake Odorizzi,P,odorija01
642657,Cristofer Ogando,P,ogandcr01
829272,Shinnosuke Ogasawara,P,ogasash01
701487,Pierson Ohl,P,ohlpi01
660271,Shohei Ohtani,TWP,ohtansh01
595345,Steven Okert,P,okertst01
670124,Adam Oller,P,ollerad01
672552,Jack O'Loughlin,P,olougja01
681857,Reese Olson,P,olsonre01
661383,Oliver Ortega,P,ortegol01
656814,Luis F. Ortiz,P,ortizlu02
682847,Luis L. Ortiz,P,ortizlu03
672391,Kaleb Ort,P,ortka01
679358,Eric Orze,P,orzeer01
592612,Josh Osich,P,osichjo01
621261,Corey Oswalt,P,oswalco01
671305,Michel Otañez,P,otanemi01
493603,Adam Ottavino,P,ottavad01
657248,Glenn Otto,P,ottogl01
656818,Connor Overton,P,overtco01
670912,Johan Oviedo,P,oviedjo01
665854,Luis Oviedo,P,oviedlu01
687074,Tyler Owens,P,owensty01
663978,Chris Paddack,P,paddach01
656820,Nicholas Padilla,P,padilni01
641941,Emilio Pagán,P,paganem01
694037,Daniel Palencia,P,palenda01
669449,Jake Palisch,P,palisja01
669467,Andre Pallante,P,pallaan01
687223,Carson Palmquist,P,palmqca01
623381,Thomas Pannone,P,pannoth01
660600,Enoli Paredes,P,pareden01
453284,Blake Parker,P,parkebl01
680730,Mitchell Parker,P,parkemi01
641149,Wes Parsons,P,parsowe01
672715,Luis Patiño,P,patinlu01
694477,Chad Patrick,P,patrich01
607359,Spencer Patton,P,pattosp01
600944,David Paulino,P,paulida01
572020,James Paxton,P,paxtoja01
606303,Joel Payamps,P,payamjo01
502748,Brad Peacock,P,peacobr01
676840,Matt Peacock,P,peacoma01
663878,Nate Pearson,P,pearsna01
665625,Elvis Peguero,P,pegueel01
666711,Joel Peguero,P,peguejo01
570240,Félix Peña,P,penafe01
679156,Walter Pennington,P,penniwa01
683068,Zach Penrod,P,penroza01
686752,Ryan Pepiot,P,pepiory01
642547,Freddy Peralta,P,peralfr01
678821,Luis Peralta,P,perallu01
671111,Sammy Peralta,P,peralsa01
593974,Wandy Peralta,P,peralwa01
503449,Wily Peralta,P,peralwi01
622780,Angel Perdomo,P,perdoan01
606131,Luis Perdomo,P,perdolu02
672335,Cionel Pérez,P,perezci01
691587,Eury Pérez,P,perezeu02
660906,Francisco Pérez,P,perezfr01
660431,Hector Perez,P,perezhe02
527048,Martín Pérez,P,perezma02
424144,Oliver Pérez,P,perezol01
678022,Jack Perkins,P,perkija01
656849,David Peterson,P,peterda01
596071,Dillon Peters,P,peterdi01
656847,DJ Peters,P,peterdj01
656848,Michael Petersen,P,petermi01
433589,Yusmeiro Petit,P,petityu01
502593,Jake Petricka,P,petrija01
695534,Chase Petty,P,pettych02
694297,Brandon Pfaadt,P,pfaadbr01
475479,David Phelps,P,phelpda01
621433,Brett Phillips,P,phillbr02
683175,Connor Phillips,P,phillco01
623465,Evan Phillips,P,phillev01
663969,Tyler Phillips,P,phillty01
663455,Konnor Pilkington,P,pilkiko01
673820,Robinson Piña,P,pinaro01
501381,Michael Pineda,P,pinedmi01
702752,Jonathan Pintaro,P,pintajo01
620982,Ricardo Pinto,P,pintori01
666207,Riley Pint,P,pintri01
601713,Nick Pivetta,P,pivetni01
674681,Michael Plassmeyer,P,plassmi01
668676,Zach Plesac,P,plesaza01
592644,Adam Plutko,P,plutkad01
621363,Colin Poche,P,pocheco01
519141,Drew Pomeranz,P,pomerdr01
664074,Cody Ponce,P,ponceco01
594965,Daniel Ponce de Leon,P,ponceda01
664092,Sean Poppen,P,poppese01
647315,Zach Pop,P,popza01
547001,Cody Poteet,P,poteeco01
676571,PJ Poulin,P,poulipj01
700249,Cade Povich,P,povicca01
519151,Ryan Pressly,P,pressry01
456034,David Price,P,priceda01
682990,Quinn Priester,P,priesqu01
643493,Austin Pruitt,P,pruitau01
640462,A.J. Puk,P,pukaj01
534812,Kevin Quackenbush,P,quackke01
615698,Cal Quantrill,P,quantca01
629498,Johan Quezada,P,quezajo01
650671,José Quijada,P,quijajo01
500779,Jose Quintana,P,quintjo01
666142,Cole Ragans,P,raganco01
663432,Tanner Rainey,P,raineta01
548384,Brooks Raley,P,raleybr01
642629,Emmanuel Ramirez,P,ramirem01
541640,Erasmo Ramírez,P,ramirer02
598286,Nick Ramirez,P,ramirni01
598287,Noé Ramirez,P,ramirno01
641995,Roel Ramírez,P,ramirro02
606162,Yefry Ramírez,P,ramirye01
670990,Yohan Ramírez,P,ramiryo01
573109,AJ Ramos,P,ramosaj01
682010,Lane Ramsey,P,ramsela02
660604,Alan Rangel,P,rangeal01
675919,Nick Raquet,P,raqueni01
688497,Taylor Rashi,P,rashita01
656876,Drew Rasmussen,P,rasmudr01
592662,Robbie Ray,P,rayro02
607067,Colin Rea,P,reaco01
642003,Cody Reed,P,reedco01
596082,Jake Reed,P,reedja02
656887,Sean Reid-Foley,P,reidfse01
621052,Alex Reyes,P,reyesal02
660593,Denyi Reyes,P,reyesde02
622103,Gerardo Reyes,P,reyesge01
669308,Sean Reynolds,P,reynose01
687377,Orlando Ribalta,P,ribalor01
572070,Garrett Richards,P,richaga01
680689,Lyon Richardson,P,richaly01
670950,Trevor Richards,P,richatr01
670050,Stephen Ridings,P,ridinst01
605441,Yacksel Ríos,P,riosya01
685005,Christian Roa,P,roach02
543699,Tanner Roark,P,roarkta01
502085,David Robertson,P,roberda08
642016,Daniel Robert,P,roberda11
681799,Ethan Roberts,P,roberet01
687798,Nick Robertson,P,roberni01
570663,Hansel Robles,P,robleha01
677958,Kumar Rocker,P,rockeku01
697812,Joe Rock,P,rockjo01
607074,Carlos Rodón,P,rodonca01
699134,Bradgley Rodriguez,P,rodribr01
692230,Carlos Rodriguez,P,rodrica02
669735,Chris Rodriguez,P,rodrich01
605446,Dereck Rodríguez,P,rodride01
593958,Eduardo Rodriguez,P,rodried05
660730,Elvin Rodríguez,P,rodriel02
680570,Grayson Rodriguez,P,rodrigr01
622446,Jefry Rodriguez,P,rodrije01
570257,Joely Rodríguez,P,rodrijo06
642578,José Rodríguez,P,rodrijo07
655889,Manuel Rodríguez,P,rodrima01
670550,Nivaldo Rodriguez,P,rodrini01
678495,Randy Rodríguez,P,rodrira02
593144,Richard Rodríguez,P,rodriri05
684320,Yariel Rodríguez,P,rodriya01
666720,Yerry Rodríguez,P,rodriye01
475054,Chaz Roe,P,roech01
642028,Josh Rogers,P,rogerjo01
573124,Taylor Rogers,P,rogerta01
669432,Trevor Rogers,P,rogertr01
643511,Tyler Rogers,P,rogerty01
669020,Ryan Rolison,P,rolisry01
605447,Jordan Romano,P,romanjo03
607219,Sal Romano,P,romansa01
680723,Drew Rom,P,romdr01
664584,Jhon Romero,P,romerjh01
668941,JoJo Romero,P,romerjo01
676720,Tommy Romero,P,romerto01
489265,Sergio Romo,P,romose01
667373,Angel Rondón,P,rondoan01
680701,John Rooney,P,roonejo01
670046,Kenny Rosenberg,P,rosenke01
573127,Zac Rosscup,P,rosscza01
605452,Joe Ross,P,rossjo01
657745,Bubby Rossman,P,rossmbu01
665759,Ramón Rosso,P,rossora01
694738,Landen Roupp,P,rouppla01
594985,Ben Rowen,P,rowenbe01
688297,Chris Roycroft,P,roycrch01
607968,Drew Rucinski,P,rucindr01
621074,Michael Rucker,P,ruckemi01
614179,José Ruiz,P,ruizjo01
650204,Norge Ruiz,P,ruizno01
671131,Jackson Rutledge,P,rutleja01
657746,Joe Ryan,P,ryanjo04
594986,Kyle Ryan,P,ryanky01
689981,River Ryan,P,ryanri01
656924,Ryder Ryan,P,ryanry01
547943,Hyun Jin Ryu,P,ryuhy01
685314,Andrew Saalfrank,P,saalfan01
681870,Erik Sabrowski,P,sabroer01
594987,Casey Sadler,P,sadleca02
592712,Connor Sadzeck,P,sadzeco01
674285,Eduardo Salazar,P,salazed01
519242,Chris Sale,P,salech01
676614,Bryan Sammons,P,sammobr01
592716,Adrian Sampson,P,sampsad01
592717,Aaron Sanchez,P,sanchaa01
434671,Aníbal Sánchez,P,sanchan01
650911,Cristopher Sánchez,P,sanchcr01
667376,Miguel Sánchez,P,sanchmi01
664350,Sixto Sánchez,P,sanchsi01
676742,Cam Sanders,P,sandeca01
676637,Phoenix Sanders,P,sandeph01
680704,Nick Sandlin,P,sandlni01
663776,Patrick Sandoval,P,sandopa02
682144,Jayvien Sandridge,P,sandrja01
663485,Cole Sands,P,sandsco01
665665,Reiver Sanmartin,P,sanmare01
642701,Dennis Santana,P,santade01
650828,Edgar Santana,P,santaed01
429722,Ervin Santana,P,santaer01
502327,Héctor Santiago,P,santihe01
663574,Tony Santillan,P,santito01
665733,Antonio Santos,P,santoan02
666619,Gregory Santos,P,santogr01
808963,Roki Sasaki,P,sasakro01
642048,Tayler Saucedo,P,sauceta01
669422,Matt Sauer,P,sauerma01
617228,Hirokazu Sawamura,P,sawamhi01
622250,Josh Sborz,P,sborzjo01
669135,Mac Sceroler,P,sceroma01
453286,Max Scherzer,P,scherma01
693645,Cam Schlittler,P,schlica01
657376,Clarke Schmidt,P,schmicl01
669947,Jesse Scholtens,P,scholje01
670167,John Schreiber,P,schrejo01
687606,Paxton Schultz,P,schulpa01
680885,Spencer Schwellenbach,P,schwesp01
681035,Christian Scott,P,scottch01
656945,Tanner Scott,P,scottta01
605463,Tayler Scott,P,scottta02
668687,Andre Scrubb,P,scruban01
657756,Connor Seabold,P,seaboco01
676664,JP Sears,P,searsjp01
642060,Cody Sedlock,P,sedloco01
681882,Colin Selby,P,selbyco01
572125,Sam Selman,P,selmasa01
673540,Kodai Senga,P,sengako01
622608,Antonio Senzatela,P,senzaan01
644429,Anderson Severino,P,severan01
622663,Luis Severino,P,severlu01
623149,Paul Sewald,P,sewalpa01
693313,Carson Seymour,P,seymoca01
693855,Ian Seymour,P,seymoia01
543766,Bryan Shaw,P,shawbr01
686218,Emmet Sheehan,P,sheehem01
642068,Jordan Sheffield,P,sheffjo01
656954,Justus Sheffield,P,sheffju01
642073,Jimmie Sherfy,P,sherfji01
595411,Ryan Sherriff,P,sherrry01
533167,Matt Shoemaker,P,shoemma01
592741,Chasen Shreve,P,shrevch01
663767,Chase Shugart,P,shugach01
694363,Jared Shuster,P,shustja01
681217,Chase Silseth,P,silsech01
681006,Josh Simpson,P,simpsjo02
608371,Lucas Sims,P,simslu01
663903,Brady Singer,P,singebr01
681895,Evan Sisk,P,siskev01
670087,Brandyn Sittinger,P,sittibr01
694973,Paul Skenes,P,skenepa01
669373,Tarik Skubal,P,skubata01
686580,Justin Slaten,P,slateju01
642083,Aaron Slegers,P,slegeaa01
663629,Ethan Small,P,smallet01
656970,Devin Smeltzer,P,smeltde01
700363,AJ Smith-Shawver,P,smithaj01
572143,Burch Smith,P,smithbu03
592761,Caleb Smith,P,smithca03
671922,Cade Smith,P,smithca06
663385,Chad Smith,P,smithch12
622098,Drew Smith,P,smithdr01
681916,Dylan Smith,P,smithdy01
501925,Joe Smith,P,smithjo05
642092,Riley Smith,P,smithri01
681343,Shane Smith,P,smithsh02
519293,Will Smith,P,smithwi04
592767,Drew Smyly,P,smylydr01
669912,Kirby Snead,P,sneadki01
605483,Blake Snell,P,snellbl01
676092,Collin Snider,P,snideco01
676766,Nick Snyder,P,snydeni01
676660,Jared Solomon,P,solomja01
656981,Peter Solomon,P,solompe01
805427,Drew Sommers,P,sommedr01
666277,George Soriano,P,soriage01
465657,Joakim Soria,P,soriajo01
667755,José Soriano,P,soriajo02
647336,Michael Soroka,P,sorokmi01
642397,Gregory Soto,P,sotogr01
656986,Bennett Sousa,P,sousabe01
666208,Alex Speas,P,speasal01
642100,Gabe Speier,P,speiega01
687765,Mitch Spence,P,spencmi01
686730,Carson Spiers,P,spierca01
665661,Shea Spitzbarth,P,spitzsh01
605488,Jeffrey Springs,P,sprinje01
687075,Brandon Sproat,P,sproabr01
489334,Craig Stammen,P,stammcr01
592773,Ryne Stanek,P,stanery01
664054,Cody Stashak,P,stashco01
622251,Josh Staumont,P,staumjo01
608716,Drew Steckenrider,P,steckdr01
657006,Justin Steele,P,steelju01
623451,Jackson Stephens,P,stephja01
596112,Robert Stephenson,P,stephro01
663986,Trevor Stephan,P,stephtr01
686993,Justin Sterner,P,sternju01
592779,Brock Stewart,P,stewabr01
640464,Kohl Stewart,P,stewako01
680692,Jonathan Stiever,P,stievjo01
657766,Locke St. John,P,stjohlo01
476594,Robert Stock,P,stockro01
694813,Gavin Stone,P,stonega01
686651,Levi Stoudt,P,stoudle01
657770,Eric Stout,P,stouter01
621381,Matt Strahm,P,strahma01
544931,Stephen Strasburg,P,strasst01
608717,Chris Stratton,P,stratch01
676702,Hunter Stratton,P,strathu01
519326,Hunter Strickland,P,strichu01
675911,Spencer Strider,P,stridsp01
548389,Ross Stripling,P,stripro01
573186,Marcus Stroman,P,stromma01
467008,Pedro Strop,P,stroppe01
669704,Kade Strowd,P,strowka01
657265,Peter Strzelecki,P,strzepe01
544150,Albert Suárez,P,suareal01
605498,Andrew Suárez,P,suarean01
660761,José Suarez,P,suarejo01
624133,Ranger Suárez,P,suarera01
663158,Robert Suarez,P,suarero01
593833,Wander Suero,P,suerowa01
608372,Tomoyuki Sugano,P,suganto01
676641,Beau Sulser,P,sulsebe01
642121,Cole Sulser,P,sulseco01
608718,Brent Suter,P,suterbr01
694335,Matt Svanson,P,svansma01
657024,Erik Swanson,P,swanser01
664161,Matt Swarmer,P,swarmma01
461872,Anthony Swarzak,P,swarzan01
682967,Devin Sweet,P,sweetde01
592789,Noah Syndergaard,P,syndeno01
663378,Thomas Szapucki,P,szaputh01
592791,Jameson Taillon,P,taillja01
593619,Domingo Tapia,P,tapiado01
676206,Freddy Tarnok,P,tarnofr01
605501,Stephen Tarpley,P,tarplst01
622253,Dillon Tate,P,tatedi01
642130,Blake Taylor,P,taylobl01
691799,Grant Taylor,P,taylogr02
657031,Josh Taylor,P,taylojo02
700187,Troy Taylor,P,taylotr01
527054,Julio Teheran,P,teherju01
678906,Kai-Wei Teng,P,tengka01
572193,Ryan Tepera,P,teperry01
676194,Jackson Tetreault,P,tetreja01
672730,Juan Then,P,thenju01
573204,Caleb Thielbar,P,thielca01
671162,Connor Thomas,P,thomaco02
624522,Keegan Thompson,P,thompke02
666168,Mason Thompson,P,thompma02
657044,Ryan Thompson,P,thompry02
605507,Zach Thompson,P,thompza01
668868,Zack Thompson,P,thompza02
663423,Trent Thornton,P,thorntr01
592804,Tyler Thornburg,P,thornty01
689672,Drew Thorpe,P,thorpdr01
626929,Lewis Thorpe,P,thorple01
676709,Ty Tice,P,ticety01
694918,Blade Tidwell,P,tidwebl01
622786,Jesus Tinoco,P,tinocje01
801139,Payton Tolle,P,tollepa01
458708,Josh Tomlin,P,tomlijo01
804636,Jonah Tong,P,tongjo01
543859,Michael Tonkin,P,tonkimi01
623437,Justin Topa,P,topaju01
657053,Touki Toussaint,P,toussto01
595014,Blake Treinen,P,treinbl01
642152,Lou Trivino,P,trivilo01
607374,Nick Tropeano,P,tropeni01
668684,Tanner Tully,P,tullyta01
605513,Spencer Turnbull,P,turnbsp01
667725,Kyle Tyler,P,tylerky01
670955,Edwin Uceta,P,ucetaed01
657272,Erich Uelmen,P,uelmeer01
621249,Duane Underwood Jr.,P,underdu01
570632,José Ureña,P,urenajo01
628711,Julio Urías,P,uriasju01
682842,Abner Uribe,P,uribeab01
664353,José Urquidy,P,urquijo01
683822,Naoyuki Uwasawa,P,uwasana01
491624,César Valdez,P,valdece01
664285,Framber Valdez,P,valdefr01
570488,Phillips Valdez,P,valdeph01
681808,Chris Vallimont,P,vallich01
676568,Ricky Vanasco,P,vanasri01
687003,Brian Van Belle,P,vanbebr01
701121,Logan VanWey,P,vanwelo01
672841,Carlos Vargas,P,vargaca01
681402,Gus Varland,P,varlagu01
686973,Louis Varland,P,varlalo01
678024,Mike Vasil,P,vasilmi01
607755,Andrew Vasquez,P,vasquan02
681190,Randy Vásquez,P,vasqura02
592826,Vince Velasquez,P,velasvi01
685107,Anthony Veneziano,P,venezan01
572403,Drew VerHagen,P,verhadr01
434378,Justin Verlander,P,verlaju01
681911,Alex Vesia,P,vesiaal01
663989,Nick Vespi,P,vespini01
676684,Will Vest,P,vestwi01
664944,Cam Vieaux,P,vieauca01
600986,Thyago Vieira,P,vieirth01
681871,Eli Villalobos,P,villael02
543883,Nick Vincent,P,vinceni01
670241,Darius Vines,P,vinesda01
527055,Arodys Vizcaíno,P,vizcaar01
680767,Victor Vodnik,P,vodnivi01
608723,Austin Voth,P,vothau01
608379,Michael Wacha,P,wachami01
663399,Brandon Waddell,P,waddebr01
592831,Konner Wade,P,wadeko01
621097,Jacob Waguespack,P,wagueja01
425794,Adam Wainwright,P,wainwad01
686972,Cole Waites,P,waiteco01
686610,Ken Waldichuk,P,waldike01
694462,Hurston Waldrep,P,waldrhu01
663362,Matt Waldron,P,waldrma01
677020,Josh Walker,P,walkejo03
676254,Ryan Walker,P,walkery01
592836,Taijuan Walker,P,walketa01
673904,Jake Walsh,P,walshja02
686796,Blake Walston,P,walstbl01
689958,Andrew Walters,P,waltean01
687888,Brandon Walter,P,waltebr01
663534,Nash Walters,P,waltena01
681806,Andrew Wantz,P,wantzan01
663658,Thaddeus Ward,P,wardth01
605521,Art Warren,P,warrear01
681810,Austin Warren,P,warreau01
701542,Will Warren,P,warrewi01
657093,Spenser Watkins,P,watkisp01
453265,Tony Watson,P,watsoto01
677960,Ryan Weathers,P,weathry01
596133,Luke Weaver,P,weavelu01
657097,Jacob Webb,P,webbja01
657277,Logan Webb,P,webblo01
643778,Tyler Webb,P,webbty01
543901,Ryan Weber,P,weberry01
607179,Jordan Weems,P,weemsjo01
622256,Patrick Weigel,P,weigepa01
669711,Greg Weissert,P,weissgr01
592848,Zack Weiss,P,weissza01
649144,Alex Wells,P,wellsal01
669330,Tyler Wells,P,wellsty01
605525,J.B. Wendelken,P,wendejb01
666214,Joey Wentz,P,wentzjo01
669713,Hayden Wesneski,P,wesneha01
554430,Zack Wheeler,P,wheelza01
687931,Carson Whisenhunt,P,whiseca01
686839,Brendan White,P,whitebr01
669952,Mitch White,P,whitemi03
669391,Owen White,P,whiteow01
666215,Forrest Whitley,P,whitlfo01
676477,Garrett Whitlock,P,whitlga01
676831,Kodi Whitley,P,whitlko01
592858,Rowan Wick,P,wickro01
696136,Jordan Wicks,P,wicksjo01
642203,Taylor Widener,P,widenta01
623364,Brad Wieck,P,wieckbr01
621079,Collin Wiles,P,wilesco01
686249,Nathan Wiles,P,wilesna01
686294,Amos Willingham,P,william01
682227,Brandon Williamson,P,willibr02
642207,Devin Williams,P,willide03
668909,Gavin Williams,P,williga01
592865,Taylor Williams,P,willita01
592866,Trevor Williams,P,willitr01
669060,Bryse Wilson,P,wilsobr02
458677,Justin Wilson,P,wilsoju10
621051,Steven Wilson,P,wilsost02
642216,Allan Winans,P,winanal01
670174,Josh Winckowski,P,winckjo01
680739,Josh Winder,P,windejo01
622259,Trey Wingenter,P,wingetr01
595465,Dan Winkler,P,winklda01
668390,Cole Winn,P,winnco01
676775,Keaton Winn,P,winnke01
605538,Matt Wisler,P,wislema01
621295,Nick Wittgren,P,wittgni01
592879,Asher Wojciechowski,P,wojcias01
680232,Jackson Wolf,P,wolfja01
664991,Grant Wolfram,P,wolfrgr01
673858,Jake Wong,P,wongja01
693433,Bryan Woo,P,woobr01
622072,Alex Wood,P,woodal02
663765,Jake Woodford,P,woodfja01
621056,Hunter Wood,P,woodhu01
605540,Brandon Woodruff,P,woodrbr01
680573,Simeon Woods Richardson,P,woodssi01
682016,William Woods,P,woodswi02
519443,Brandon Workman,P,workmbr01
657140,Kyle Wright,P,wrighky01
605541,Mike Wright Jr.,P,wrighmi01
680736,Justin Wrobleski,P,wroblju01
691094,Randy Wynne,P,wynnera01
642231,Jimmy Yacabonis,P,yacabji01
664337,Miguel Yajure,P,yajurmi01
657141,Jordan Yamamoto,P,yamamjo01
808967,Yoshinobu Yamamoto,P,yamamyo01
660365,Hyeon-Jong Yang,P,yanghy01
642232,Ryan Yarbrough,P,yarbrry01
642233,Eric Yardley,P,yardler01
489446,Kirby Yates,P,yateski01
660623,Huascar Ynoa,P,ynoahu01
684974,Craig Yoho,P,yohocr01
622065,Alex Young,P,youngal01
687064,Brandon Young,P,youngbr01
664849,Danny Young,P,youngda02
656008,Aneurys Zabala,P,zabalan01
623354,Daniel Zamora,P,zamorda01
642239,Rob Zastryzny,P,zastrro01
666171,Ryan Zeferjahn,P,zeferry01
672582,Angel Zerpa,P,zerpaan01
643615,T.J. Zeuch,P,zeuchtj01
669145,Bruce Zimmermann,P,zimmebr02
519455,Jordan Zimmermann,P,zimmejo02
622092,Kyle Zimmer,P,zimmeky01
676604,Tyler Zuber,P,zuberty01
691172,Yosver Zulueta,P,zulueyo01
670871,Guillo Zuñiga,P,zuniggu01
691769,Philip Abner,P,
687589,Dom Hamel,P,
702910,Jhancarlos Lara,P,
689520,Cody Laweryson,P,
685068,Carson Ragsdale,P,
677961,Cole Wilcox,P,
702056,Trey Yesavage,P,
