game_id,game_date,runs_home,runs_away,runs_total,home_id,home_name,away_id,away_name,home_oddshark_id,away_oddshark_id,Away_Batter1_Name,Away_Batter1_ID,Away_Batter1_bbrefID,Away_Batter2_Name,Away_Batter2_ID,Away_Batter2_bbrefID,Away_Batter3_Name,Away_Batter3_ID,Away_Batter3_bbrefID,Away_Batter4_Name,Away_Batter4_ID,Away_Batter4_bbrefID,Away_Batter5_Name,Away_Batter5_ID,Away_Batter5_bbrefID,Away_Batter6_Name,Away_Batter6_ID,Away_Batter6_bbrefID,Away_Batter7_Name,Away_Batter7_ID,Away_Batter7_bbrefID,Away_Batter8_Name,Away_Batter8_ID,Away_Batter8_bbrefID,Home_Batter1_Name,Home_Batter1_ID,Home_Batter1_bbrefID,Home_Batter2_Name,Home_Batter2_ID,Home_Batter2_bbrefID,Home_Batter3_Name,Home_Batter3_ID,Home_Batter3_bbrefID,Home_Batter4_Name,Home_Batter4_ID,Home_Batter4_bbrefID,Home_Batter5_Name,Home_Batter5_ID,Home_Batter5_bbrefID,Home_Batter6_Name,Home_Batter6_ID,Home_Batter6_bbrefID,Home_Batter7_Name,Home_Batter7_ID,Home_Batter7_bbrefID,Home_Batter8_Name,Home_Batter8_ID,Home_Batter8_bbrefID,Home_SP_Name,Home_SP_ID,Home_SP_bbrefID,Away_SP_Name,Away_SP_ID,Away_SP_bbrefID,Home_P_2_Name,Home_P_2_ID,Home_P_2_bbrefID,Home_P_3_Name,Home_P_3_ID,Home_P_3_bbrefID,Away_P_2_Name,Away_P_2_ID,Away_P_2_bbrefID,Away_P_3_Name,Away_P_3_ID,Away_P_3_bbrefID,Away_P_4_Name,Away_P_4_ID,Away_P_4_bbrefID,Away_P_5_Name,Away_P_5_ID,Away_P_5_bbrefID,Away_P_6_Name,Away_P_6_ID,Away_P_6_bbrefID,over_under_runline
745596,2024-04-12,2,5,7,143,Philadelphia Phillies,134,Pittsburgh Pirates,26995,27013,Connor Joe,656582,joeco01,Bryan Reynolds,668804,reynobr01,Ke'Bryan Hayes,663647,hayeske01,Edward Olivares,658668,olivaed02,Andrew McCutchen,457705,mccutan01,Oneil Cruz,665833,cruzon01,Michael A. Taylor,572191,taylomi02,Jared Triolo,669707,triolja01,Kyle Schwarber,656941,schwaky01,Trea Turner,607208,turnetr01,Bryce Harper,547180,harpebr03,J.T. Realmuto,592663,realmjt01,Alec Bohm,664761,bohmal01,Brandon Marsh,669016,marshbr02,Nick Castellanos,592206,casteni01,Bryson Stott,681082,stottbr01,Cristopher Sánchez,650911,sanchcr01,Bailey Falter,663559,falteba01,Yunior Marte,628708,marteyu01,Ricardo Pinto,620982,pintori01,Jose Hernandez,669796,hernajo03,Luis L. Ortiz,682847,ortizlu03,Josh Fleming,676596,flemijo01,Aroldis Chapman,547973,chapmar01,David Bednar,670280,bednada01,9.0
